EVENT_TYPE,CZ_TYPE,CZ_FIPS,CZ_NAME,WFO,BEGIN_DATE_TIME,CZ_TIMEZONE,END_DATE_TIME,INJURIES_DIRECT,INJURIES_INDIRECT,DEATHS_DIRECT,DEATHS_INDIRECT,DAMAGE_PROPERTY,DAMAGE_CROPS,SOURCE,MAGNITUDE,MAGNITUDE_TYPE,FLOOD_CAUSE,CATEGORY,TOR_F_SCALE,TOR_LENGTH,TOR_WIDTH,TOR_OTHER_WFO,TOR_OTHER_CZ_STATE,TOR_OTHER_CZ_FIPS,TOR_OTHER_CZ_NAME,BEGIN_RANGE,BEGIN_AZIMUTH,BEGIN_LOCATION,END_RANGE,END_AZIMUTH,END_LOCATION,BEGIN_LAT,BEGIN_LON,END_LAT,END_LON
Tornado,C,41,DELAWARE,,24-MAR-54 22:00:00,CST,24-MAR-54 22:00:00,0,0,0,0,25K,0,,0,,,,F1,23.9,33,,,,,0,,,0,,,36.20,-94.97,36.50,-94.75
Tornado,C,55,GREER,,27-APR-54 18:30:00,CST,27-APR-54 18:30:00,0,0,0,0,2.5K,0,,0,,,,F0,0,33,,,,,0,,,0,,,35.03,-99.42,,
Tornado,C,137,STEPHENS,,01-MAY-54 17:45:00,CST,01-MAY-54 17:45:00,0,0,0,0,25K,0,,0,,,,F3,6.2,100,,,,,0,,,0,,,34.62,-98.00,34.68,-97.93
Tornado,C,43,ERIE,,30-AUG-54 15:45:00,CST,30-AUG-54 15:45:00,0,0,0,0,25K,0,,0,,,,F1,0,33,,,,,0,,,0,,,41.37,-82.38,,
Tornado,C,19,CARROLL,,30-SEP-54 20:00:00,CST,30-SEP-54 20:00:00,3,0,1,0,25K,0,,0,,,,F2,0,50,,,,,0,,,0,,,40.75,-81.15,,
Tornado,C,49,FRANKLIN,,11-OCT-54 17:30:00,CST,11-OCT-54 17:30:00,0,0,0,0,2.5K,0,,0,,,,F1,0,67,,,,,0,,,0,,,39.90,-83.13,,
Tornado,C,99,NESHOBA,,20-FEB-54 01:50:00,CST,20-FEB-54 01:50:00,5,0,0,0,250K,0,,0,,,,F2,3.6,100,,,,,0,,,0,,,32.57,-89.02,32.62,-89.00
Tornado,C,3,ALCORN,,28-APR-54 19:00:00,CST,28-APR-54 19:00:00,0,0,0,0,2.5K,0,,0,,,,,0,33,,,,,0,,,0,,,34.92,-88.58,,
Tornado,C,3,ALCORN,,28-APR-54 19:00:00,CST,28-APR-54 19:00:00,0,0,0,0,2.5K,0,,0,,,,F1,0,33,,,,,0,,,0,,,34.92,-88.58,,
Tornado,C,57,ITAWAMBA,,28-APR-54 19:30:00,CST,28-APR-54 19:30:00,2,0,0,0,25K,0,,0,,,,F2,3.3,10,,,,,0,,,0,,,34.37,-88.33,34.40,-88.30
Tornado,C,123,SCOTT,,30-APR-54 22:00:00,CST,30-APR-54 22:00:00,0,0,0,0,0K,0,,0,,,,,6.8,33,,,,,0,,,0,,,32.27,-89.58,32.33,-89.50
Tornado,C,89,MADISON,,27-MAY-54 14:30:00,CST,27-MAY-54 14:30:00,0,0,0,0,.25K,0,,0,,,,,0,33,,,,,0,,,0,,,32.43,-90.13,,
Tornado,C,101,NEWTON,,03-JUN-54 06:00:00,CST,03-JUN-54 06:00:00,3,0,0,0,25K,0,,0,,,,F2,7.6,300,,,,,0,,,0,,,32.48,-89.17,32.57,-89.08
Tornado,C,101,NEWTON,,09-JUL-54 09:00:00,CST,09-JUL-54 09:00:00,0,0,0,0,25K,0,,0,,,,F0,0,33,,,,,0,,,0,,,32.33,-89.17,,
Tornado,C,73,LAMAR,,20-FEB-54 00:35:00,CST,20-FEB-54 00:35:00,10,0,0,0,250K,0,,0,,,,F2,13.1,200,,,,,0,,,0,,,31.28,-89.65,31.43,-89.52
Tornado,C,31,COVINGTON,,20-FEB-54 01:00:00,CST,20-FEB-54 01:00:00,0,0,0,0,250K,0,,0,,,,F2,24,200,,,,,0,,,0,,,31.43,-89.52,31.68,-89.23
Tornado,C,101,NEWTON,,20-FEB-54 01:30:00,CST,20-FEB-54 01:30:00,5,0,0,0,250K,0,,0,,,,F2,15.6,100,,,,,0,,,0,,,32.43,-89.23,32.57,-89.02
Tornado,C,87,MIFFLIN,,15-MAR-54 20:00:00,CST,15-MAR-54 20:00:00,0,0,0,0,.25K,0,,0,,,,F0,2,3,,,,,0,,,0,,,40.73,-77.53,,
Tornado,C,347,NACOGDOCHES,,30-APR-54 09:55:00,CST,30-APR-54 09:55:00,0,0,0,0,250K,0,,0,,,,F2,25.1,883,,,,,0,,,0,,,31.37,-94.47,31.55,-94.10
Tornado,C,343,MORRIS,,30-APR-54 10:00:00,CST,30-APR-54 10:00:00,0,0,0,0,25K,0,,0,,,,F3,3.3,50,,,,,0,,,0,,,32.92,-94.72,32.93,-94.67
Tornado,C,67,CASS,,30-APR-54 10:05:00,CST,30-APR-54 10:05:00,1,0,0,0,25K,0,,0,,,,F3,39.2,50,,,,,0,,,0,,,32.93,-94.67,33.17,-94.05
Tornado,C,37,BOWIE,,30-APR-54 10:30:00,CST,30-APR-54 10:30:00,0,0,0,0,25K,0,,0,,,,F3,19.2,440,,,,,0,,,0,,,33.40,-94.63,33.58,-94.38
Tornado,C,155,FOARD,,01-MAY-54 14:15:00,CST,01-MAY-54 14:15:00,0,0,0,0,25K,0,,0,,,,F4,15.4,267,,,,,0,,,0,,,33.98,-99.72,34.07,-99.47
Tornado,C,487,WILBARGER,,01-MAY-54 14:15:00,CST,01-MAY-54 14:15:00,2,0,0,0,250K,0,,0,,,,F4,18.6,267,,,,,0,,,0,,,34.07,-99.47,34.20,-99.18
Tornado,C,237,JACK,,01-MAY-54 19:00:00,CST,01-MAY-54 19:00:00,4,0,0,0,0K,0,,0,,,,F1,1,30,,,,,0,,,0,,,33.43,-98.38,,
Tornado,C,147,FANNIN,,01-MAY-54 21:00:00,CST,01-MAY-54 21:00:00,0,0,0,0,0K,0,,0,,,,F1,1,33,,,,,0,,,0,,,33.60,-96.18,,
Tornado,C,77,CLAY,,01-MAY-54 21:15:00,CST,01-MAY-54 21:15:00,0,0,0,0,0K,0,,0,,,,F2,1.3,67,,,,,0,,,0,,,33.55,-98.15,33.57,-98.13
Tornado,C,93,COMANCHE,,02-MAY-54 01:00:00,CST,02-MAY-54 01:00:00,0,0,0,0,0K,0,,0,,,,F1,0,33,,,,,0,,,0,,,32.12,-98.55,,
Tornado,C,183,GREGG,,02-MAY-54 06:50:00,CST,02-MAY-54 06:50:00,0,0,0,0,0K,0,,0,,,,F2,0,20,,,,,0,,,0,,,32.53,-94.95,32.53,-94.95
Tornado,C,213,HENDERSON,,02-MAY-54 15:00:00,CST,02-MAY-54 15:00:00,4,0,0,0,0K,0,,0,,,,F3,0,33,,,,,0,,,0,,,32.22,-95.67,,
Tornado,C,231,HUNT,,06-MAY-54 08:00:00,CST,06-MAY-54 08:00:00,0,0,0,0,0K,0,,0,,,,F1,0,33,,,,,0,,,0,,,33.27,-96.02,,
Tornado,C,133,EASTLAND,,06-MAY-54 15:00:00,CST,06-MAY-54 15:00:00,0,0,0,0,0K,0,,0,,,,F1,1,17,,,,,0,,,0,,,32.20,-99.08,,
Tornado,C,289,LEON,,10-MAY-54 14:30:00,CST,10-MAY-54 14:30:00,0,0,0,0,0K,0,,0,,,,F1,0,33,,,,,0,,,0,,,31.05,-96.13,,
Tornado,C,11,BERKS,,17-APR-54 01:00:00,CST,17-APR-54 01:00:00,0,0,0,0,.03K,0,,0,,,,F1,2,3,,,,,0,,,0,,,40.35,-75.92,,
Tornado,C,87,LOWNDES,,20-JAN-54 05:50:00,CST,20-JAN-54 05:50:00,0,0,0,0,25K,0,,0,,,,F2,5.4,27,,,,,0,,,0,,,33.42,-88.68,33.47,-88.62
Tornado,C,105,OKTIBBEHA,,20-JAN-54 05:30:00,CST,20-JAN-54 05:30:00,2,0,0,0,25K,0,,0,,,,F2,11.9,27,,,,,0,,,0,,,33.30,-88.83,33.42,-88.68
Tornado,C,87,LOWNDES,,20-JAN-54 05:45:00,CST,20-JAN-54 05:45:00,0,0,0,0,2.5K,0,,0,,,,F1,5.6,100,,,,,0,,,0,,,33.38,-88.42,33.45,-88.37
Tornado,C,169,GARZA,,21-APR-54 21:15:00,CST,21-APR-54 21:15:00,0,0,0,0,0K,0,,0,,,,F0,1,13,,,,,0,,,0,,,33.07,-101.53,,
Tornado,C,227,HOWARD,,27-APR-54 14:00:00,CST,27-APR-54 14:00:00,0,0,0,0,0K,0,,0,,,,F1,2,17,,,,,0,,,0,,,32.42,-101.47,,
Tornado,C,399,RUNNELS,,27-APR-54 18:30:00,CST,27-APR-54 18:30:00,0,0,0,0,0K,0,,0,,,,F2,11.5,33,,,,,0,,,0,,,31.73,-99.95,31.57,-99.95
Tornado,C,35,BOSQUE,,28-APR-54 17:00:00,CST,28-APR-54 17:00:00,1,0,0,0,0K,0,,0,,,,F1,2,100,,,,,0,,,0,,,31.78,-97.47,,
Tornado,C,399,RUNNELS,,29-APR-54 14:50:00,CST,29-APR-54 14:50:00,1,0,0,0,0K,0,,0,,,,F1,0,33,,,,,0,,,0,,,31.85,-99.95,,
Tornado,C,87,MCCOOK,,27-MAY-54 13:55:00,CST,27-MAY-54 13:55:00,0,0,0,0,25K,0,,0,,,,F2,9,90,,,,,0,,,0,,,43.78,-97.55,43.85,-97.38
Tornado,C,127,UNION,,27-MAY-54 18:55:00,CST,27-MAY-54 18:55:00,0,0,0,0,2.5K,0,,0,,,,F1,0,33,,,,,0,,,0,,,42.68,-96.67,,
Tornado,C,15,BRULE,,10-JUN-54 23:55:00,CST,10-JUN-54 23:55:00,0,0,0,0,25K,0,,0,,,,F2,1,30,,,,,0,,,0,,,43.72,-99.18,,
Tornado,C,5,BEADLE,,11-JUN-54 00:55:00,CST,11-JUN-54 00:55:00,0,0,0,0,.25K,0,,0,,,,F1,1,33,,,,,0,,,0,,,44.63,-98.10,,
Tornado,C,37,DAY,,11-JUN-54 01:15:00,CST,11-JUN-54 01:15:00,0,0,0,0,.03K,0,,0,,,,F1,0,33,,,,,0,,,0,,,45.28,-97.97,,
Tornado,C,9,BON HOMME,,18-JUN-54 03:55:00,CST,18-JUN-54 03:55:00,0,0,0,0,25K,0,,0,,,,F3,10.6,33,,,,,0,,,0,,,42.85,-97.88,42.98,-97.77
Tornado,C,135,YANKTON,,18-JUN-54 04:05:00,CST,18-JUN-54 04:05:00,0,0,0,0,25K,0,,0,,,,F3,0,30,,,,,0,,,0,,,43.03,-97.50,43.02,-97.45
Tornado,C,115,SPINK,,18-JUN-54 04:20:00,CST,18-JUN-54 04:20:00,0,0,0,0,25K,0,,0,,,,F1,0,33,,,,,0,,,0,,,45.25,-98.57,,
Tornado,C,135,YANKTON,,18-JUN-54 04:25:00,CST,18-JUN-54 04:25:00,0,0,0,0,25K,0,,0,,,,F3,12.8,33,,,,,0,,,0,,,43.05,-97.32,43.13,-97.08
Tornado,C,125,TURNER,,18-JUN-54 04:40:00,CST,18-JUN-54 04:40:00,0,0,0,0,2.5K,0,,0,,,,F2,2.7,33,,,,,0,,,0,,,43.42,-97.27,43.47,-97.30
Tornado,C,83,LINCOLN,,19-JUN-54 19:00:00,CST,19-JUN-54 19:00:00,0,0,0,0,2.5K,0,,0,,,,F3,0,43,,,,,0,,,0,,,43.48,-96.72,43.50,-96.67
Tornado,C,81,LAWRENCE,,15-JUL-54 20:30:00,CST,15-JUL-54 20:30:00,0,0,0,0,0K,0,,0,,,,F1,.3,20,,,,,0,,,0,,,44.38,-103.73,,
Tornado,C,33,COTTON,,01-MAY-54 17:45:00,CST,01-MAY-54 17:45:00,0,0,0,0,250K,0,,0,,,,F3,8,300,,,,,0,,,0,,,34.17,-98.25,34.20,-98.12
Tornado,C,29,COAL,,01-MAY-54 18:00:00,CST,01-MAY-54 18:00:00,0,0,0,0,2.5K,0,,0,,,,F1,.1,33,,,,,0,,,0,,,34.53,-96.18,,
Tornado,C,123,PONTOTOC,,01-MAY-54 18:00:00,CST,01-MAY-54 18:00:00,0,0,0,0,25K,0,,0,,,,F2,8.9,33,,,,,0,,,0,,,34.87,-96.58,34.97,-96.48
Tornado,C,63,HUGHES,,01-MAY-54 18:00:00,CST,01-MAY-54 18:00:00,6,0,0,0,2.5M,0,,0,,,,F2,27.6,33,,,,,0,,,0,,,34.97,-96.48,35.28,-96.18
Tornado,C,107,OKFUSKEE,,01-MAY-54 18:00:00,CST,01-MAY-54 18:00:00,0,0,0,0,25K,0,,0,,,,F2,2.7,33,,,,,0,,,0,,,35.28,-96.18,35.32,-96.15
Tornado,C,125,POTTAWATOMIE,,01-MAY-54 18:00:00,CST,01-MAY-54 18:00:00,0,0,0,0,2.5M,0,,0,,,,F4,26.7,33,,,,,0,,,0,,,35.40,-97.37,35.47,-96.90
Tornado,C,81,LINCOLN,,01-MAY-54 18:00:00,CST,01-MAY-54 18:00:00,65,0,0,0,2.5M,0,,0,,,,F4,17.8,33,,,,,0,,,0,,,35.47,-96.90,35.70,-96.77
Tornado,C,81,LINCOLN,,01-MAY-54 18:00:00,CST,01-MAY-54 18:00:00,0,0,0,0,2.5M,0,,0,,,,F4,9,33,,,,,0,,,0,,,35.70,-96.77,35.75,-96.62
Tornado,C,37,CREEK,,01-MAY-54 18:00:00,CST,01-MAY-54 18:00:00,0,0,0,0,2.5M,0,,0,,,,F4,5.7,33,,,,,0,,,0,,,35.75,-96.62,35.77,-96.52
Tornado,C,133,SEMINOLE,,01-MAY-54 19:05:00,CST,01-MAY-54 19:05:00,0,0,0,0,25K,0,,0,,,,F2,5.7,220,,,,,0,,,0,,,35.37,-96.50,35.45,-96.47
Tornado,C,121,PITTSBURG,,01-MAY-54 19:20:00,CST,01-MAY-54 19:20:00,6,0,0,0,25K,0,,0,,,,F2,32.9,33,,,,,0,,,0,,,34.88,-95.87,35.22,-95.45
Tornado,C,91,MCINTOSH,,01-MAY-54 19:20:00,CST,01-MAY-54 19:20:00,0,0,0,0,25K,0,,0,,,,F2,4.3,33,,,,,0,,,0,,,35.22,-95.62,35.27,-95.58
Tornado,C,89,MCCURTAIN,,02-MAY-54 07:40:00,CST,02-MAY-54 07:40:00,0,0,0,0,2.5K,0,,0,,,,F1,2,50,,,,,0,,,0,,,33.78,-94.67,,
Tornado,C,55,GREER,,23-MAY-54 21:00:00,CST,23-MAY-54 21:00:00,0,0,0,0,2.5K,0,,0,,,,F1,0,33,,,,,0,,,0,,,34.80,-99.50,,
Tornado,C,69,JOHNSTON,,24-MAY-54 16:55:00,CST,24-MAY-54 16:55:00,0,0,0,0,0K,0,,0,,,,F2,0,33,,,,,0,,,0,,,34.30,-96.70,,
Tornado,C,101,MUSKOGEE,,25-MAY-54 17:30:00,CST,25-MAY-54 17:30:00,0,0,0,0,2.5K,0,,0,,,,F2,0,33,,,,,0,,,0,,,35.37,-95.27,,
Tornado,C,39,CUSTER,,25-MAY-54 17:45:00,CST,25-MAY-54 17:45:00,0,0,0,0,0K,0,,0,,,,F0,0,33,,,,,0,,,0,,,35.73,-98.75,,
Tornado,C,91,MCINTOSH,,28-MAY-54 16:55:00,CST,28-MAY-54 16:55:00,0,0,0,0,2.5K,0,,0,,,,F1,.1,100,,,,,0,,,0,,,35.48,-95.53,,
Tornado,C,99,MURRAY,,07-JUN-54 20:35:00,CST,07-JUN-54 20:35:00,0,0,0,0,.25K,0,,0,,,,F1,13,880,,,,,0,,,0,,,34.48,-97.10,34.67,-97.15
Tornado,C,119,PAYNE,,12-JUN-54 15:50:00,CST,12-JUN-54 15:50:00,0,0,0,0,.25K,0,,0,,,,F1,0,33,,,,,0,,,0,,,36.08,-97.07,,
Tornado,C,151,WOODS,,14-JUN-54 18:00:00,CST,14-JUN-54 18:00:00,0,0,0,0,0K,0,,0,,,,F0,0,33,,,,,0,,,0,,,36.75,-98.88,,
Tornado,C,61,HASKELL,,28-JUN-54 18:00:00,CST,28-JUN-54 18:00:00,0,0,0,0,2.5K,0,,0,,,,F1,.1,20,,,,,0,,,0,,,35.25,-95.00,,
Tornado,C,75,KIOWA,,08-JUL-54 16:50:00,CST,08-JUL-54 16:50:00,0,0,0,0,0K,0,,0,,,,F0,.1,27,,,,,0,,,0,,,35.13,-98.95,,
Tornado,C,133,SEMINOLE,,15-JUL-54 08:20:00,CST,15-JUL-54 08:20:00,0,0,0,0,25K,0,,0,,,,F1,.8,880,,,,,0,,,0,,,35.25,-96.70,,
Tornado,C,29,COAL,,23-JUL-54 16:45:00,CST,23-JUL-54 16:45:00,0,0,0,0,.25K,0,,0,,,,F2,.3,440,,,,,0,,,0,,,34.60,-96.33,,
Tornado,C,119,PAYNE,,23-JUL-54 18:45:00,CST,23-JUL-54 18:45:00,1,0,0,0,2.5K,0,,0,,,,F2,.2,100,,,,,0,,,0,,,36.02,-96.90,,
Tornado,C,141,TILLMAN,,30-AUG-54 13:30:00,CST,30-AUG-54 13:30:00,0,0,0,0,.25K,0,,0,,,,F1,.1,300,,,,,0,,,0,,,34.43,-98.95,,
Tornado,C,63,HUGHES,,30-AUG-54 14:00:00,CST,30-AUG-54 14:00:00,0,0,0,0,2.5K,0,,0,,,,F1,9,440,,,,,0,,,0,,,35.00,-96.30,34.90,-96.20
Tornado,C,123,PONTOTOC,,07-SEP-54 15:00:00,CST,07-SEP-54 15:00:00,0,0,0,0,250K,0,,0,,,,F2,4.5,200,,,,,0,,,0,,,34.62,-96.58,34.67,-96.53
Tornado,C,13,BRYAN,,20-SEP-54 20:00:00,CST,20-SEP-54 20:00:00,1,0,0,0,2.5K,0,,0,,,,F2,4.5,33,,,,,0,,,0,,,34.00,-96.38,34.05,-96.33
Tornado,C,253,JONES,,29-APR-54 16:40:00,CST,29-APR-54 16:40:00,0,0,0,0,0K,0,,0,,,,F1,3.6,17,,,,,0,,,0,,,32.62,-99.75,32.65,-99.72
Tornado,C,193,HAMILTON,,30-APR-54 00:30:00,CST,30-APR-54 00:30:00,0,0,0,0,25K,0,,0,,,,F1,6.1,880,,,,,0,,,0,,,31.85,-97.98,31.92,-97.92
Tornado,C,209,HAYS,,30-APR-54 05:37:00,CST,30-APR-54 05:37:00,0,0,0,0,250K,0,,0,,,,F1,15,67,,,,,0,,,0,,,29.98,-97.88,30.00,-97.63
Tornado,C,453,TRAVIS,,30-APR-54 06:10:00,CST,30-APR-54 06:10:00,0,0,0,0,0K,0,,0,,,,F3,3,880,,,,,0,,,0,,,30.42,-97.45,30.43,-97.42
Tornado,C,491,WILLIAMSON,,30-APR-54 06:15:00,CST,30-APR-54 06:15:00,6,0,0,0,250K,0,,0,,,,F3,18.1,880,,,,,0,,,0,,,30.43,-97.42,30.62,-97.20
Tornado,C,287,LEE,,30-APR-54 06:30:00,CST,30-APR-54 06:30:00,2,0,0,0,250K,0,,0,,,,F2,3,880,,,,,0,,,0,,,30.10,-96.97,30.13,-96.98
Tornado,C,331,MILAM,,30-APR-54 06:30:00,CST,30-APR-54 06:30:00,0,0,0,0,250K,0,,0,,,,F3,118.8,880,,,,,0,,,0,,,30.62,-97.20,31.48,-95.47
Tornado,C,149,FAYETTE,,30-APR-54 06:45:00,CST,30-APR-54 06:45:00,0,0,0,0,25K,0,,0,,,,F2,12.8,880,,,,,0,,,0,,,30.13,-96.82,30.20,-96.62
Tornado,C,455,TRINITY,,30-APR-54 08:00:00,CST,30-APR-54 08:00:00,13,0,0,0,250K,0,,0,,,,F2,17.8,883,,,,,0,,,0,,,31.07,-95.12,31.18,-94.85
Tornado,C,5,ANGELINA,,30-APR-54 08:25:00,CST,30-APR-54 08:25:00,12,0,0,0,250K,0,,0,,,,F2,25.9,883,,,,,0,,,0,,,31.18,-94.85,31.37,-94.47
Tornado,C,35,DAVISON,,27-MAY-54 12:58:00,CST,27-MAY-54 12:58:00,1,0,0,0,25K,0,,0,,,,F2,1,137,,,,,0,,,0,,,43.50,-98.10,,
Tornado,C,61,HANSON,,27-MAY-54 13:25:00,CST,27-MAY-54 13:25:00,1,0,0,0,25K,0,,0,,,,F2,2.3,100,,,,,0,,,0,,,43.62,-97.78,43.63,-97.72
Tornado,C,109,OKLAHOMA,,29-SEP-54 15:20:00,CST,29-SEP-54 15:20:00,0,0,0,0,25K,0,,0,,,,F2,.1,100,,,,,0,,,0,,,35.50,-97.58,,
Tornado,C,45,ELLIS,,25-OCT-54 18:30:00,CST,25-OCT-54 18:30:00,0,0,0,0,.25K,0,,0,,,,F0,7.9,33,,,,,0,,,0,,,36.25,-99.70,36.33,-99.60
Tornado,C,25,LEA,,16-MAY-54 15:00:00,CST,16-MAY-54 15:00:00,0,0,0,0,.25K,0,,0,,,,F1,.5,100,,,,,0,,,0,,,32.97,-103.57,,
Tornado,C,25,LEA,,16-MAY-54 17:30:00,CST,16-MAY-54 17:30:00,0,0,0,0,0K,0,,0,,,,F0,0,33,,,,,0,,,0,,,32.20,-103.20,,
Tornado,C,53,SOCORRO,,17-MAY-54 16:00:00,CST,17-MAY-54 16:00:00,0,0,0,0,0K,0,,0,,,,F0,0,33,,,,,0,,,0,,,33.80,-106.60,,
Tornado,C,25,LEA,,17-MAY-54 20:00:00,CST,17-MAY-54 20:00:00,0,0,0,0,.03K,0,,0,,,,F3,0,33,,,,,0,,,0,,,32.97,-103.37,,
Tornado,C,25,LEA,,17-MAY-54 21:00:00,CST,17-MAY-54 21:00:00,0,0,0,0,0K,0,,0,,,,F1,4.3,50,,,,,0,,,0,,,32.17,-103.23,32.22,-103.20
Tornado,C,59,UNION,,29-JUN-54 14:30:00,CST,29-JUN-54 14:30:00,0,0,0,0,0K,0,,0,,,,F0,3.8,300,,,,,0,,,0,,,36.02,-103.20,36.07,-103.17
Tornado,C,61,VALENCIA,,31-JUL-54 18:30:00,CST,31-JUL-54 18:30:00,0,0,0,0,.25K,0,,0,,,,F0,3.8,300,,,,,0,,,0,,,34.57,-106.77,34.52,-106.73
Tornado,C,41,ROOSEVELT,,24-AUG-54 21:00:00,CST,24-AUG-54 21:00:00,0,0,0,0,0K,0,,0,,,,F0,0,33,,,,,0,,,0,,,33.95,-103.65,,
Tornado,C,19,PIMA,,04-MAR-54 12:15:00,CST,04-MAR-54 12:15:00,0,0,0,0,0K,0,,0,,,,,0,33,,,,,0,,,0,,,31.95,-110.95,,
Tornado,C,25,YAVAPAI,,05-AUG-54 12:48:00,CST,05-AUG-54 12:48:00,0,0,0,0,0K,0,,0,,,,,0,33,,,,,0,,,0,,,34.77,-112.50,,
Tornado,C,145,STEARNS,,30-MAY-54 17:45:00,CST,30-MAY-54 17:45:00,0,0,0,0,25K,0,,0,,,,F1,0,33,,,,,0,,,0,,,45.63,-94.22,,
Tornado,C,145,STEARNS,,14-JUN-54 15:45:00,CST,14-JUN-54 15:45:00,0,0,0,0,250K,0,,0,,,,F1,2.3,33,,,,,0,,,0,,,45.58,-94.95,45.63,-94.93
Tornado,C,25,CHISAGO,,17-JUN-54 20:15:00,CST,17-JUN-54 20:15:00,0,0,0,0,250K,0,,0,,,,F1,3.8,880,,,,,0,,,0,,,45.68,-92.95,45.73,-92.88
Tornado,C,163,WASHINGTON,,25-JUN-54 04:15:00,CST,25-JUN-54 04:15:00,0,0,0,0,25K,0,,0,,,,F2,2.7,1760,,,,,0,,,0,,,44.83,-92.92,44.87,-92.85
Tornado,C,97,MORRISON,,06-JUL-54 07:00:00,CST,06-JUL-54 07:00:00,0,0,0,0,2.5K,0,,0,,,,F1,.1,33,,,,,0,,,0,,,46.12,-94.03,,
Tornado,C,123,YATES,,14-JUL-54 16:30:00,CST,14-JUL-54 16:30:00,0,0,0,0,2.5M,0,,0,,,,F1,2,500,,,,,0,,,0,,,42.63,-77.08,,
Tornado,C,89,ST. LAWRENCE,,19-SEP-54 17:30:00,CST,19-SEP-54 17:30:00,0,0,0,0,25K,0,,0,,,,F2,0,33,,,,,0,,,0,,,44.67,-74.72,44.68,-74.67
Tornado,C,123,MONTGOMERY,,21-FEB-54 09:50:00,CST,21-FEB-54 09:50:00,0,0,0,0,25K,0,,0,,,,F1,16.6,27,,,,,0,,,0,,,35.20,-80.00,35.30,-79.73
Tornado,C,81,GUILFORD,,16-JUN-54 12:30:00,CST,16-JUN-54 12:30:00,1,0,0,0,2.5K,0,,0,,,,F2,6.1,100,,,,,0,,,0,,,36.17,-79.80,36.20,-79.70
Tornado,C,129,NEW HANOVER,,23-JUN-54 16:15:00,CST,23-JUN-54 16:15:00,0,0,0,0,250K,0,,0,,,,F1,2,27,,,,,0,,,0,,,34.22,-77.78,,
Tornado,C,13,BEAUFORT,,27-JUN-54 14:12:00,CST,27-JUN-54 14:12:00,0,0,0,0,25K,0,,0,,,,F1,1,50,,,,,0,,,0,,,35.57,-77.05,,
Tornado,C,131,SEBASTIAN,,30-APR-54 11:10:00,CST,30-APR-54 11:10:00,0,0,0,0,2.5K,0,,0,,,,F1,0,33,,,,,0,,,0,,,35.33,-94.42,,
Tornado,C,61,HOWARD,,30-APR-54 11:31:00,CST,30-APR-54 11:31:00,2,0,0,0,250K,0,,0,,,,F3,13.3,1760,,,,,0,,,0,,,33.80,-93.98,33.93,-93.82
Tornado,C,33,CRAWFORD,,30-APR-54 11:55:00,CST,30-APR-54 11:55:00,0,0,0,0,250K,0,,0,,,,F3,9.2,440,,,,,0,,,0,,,35.63,-94.40,35.75,-94.32
Tornado,C,151,RANDOLPH,,17-AUG-54 14:30:00,CST,17-AUG-54 14:30:00,0,0,0,0,250K,0,,0,,,,F2,2.1,110,,,,,0,,,0,,,35.78,-79.55,,
Tornado,C,35,CATAWBA,,18-AUG-54 15:00:00,CST,18-AUG-54 15:00:00,0,0,0,0,25K,0,,0,,,,F2,5.4,50,,,,,0,,,0,,,35.67,-81.20,35.73,-81.15
Tornado,C,195,WILSON,,20-SEP-54 13:00:00,CST,20-SEP-54 13:00:00,4,0,0,0,250K,0,,0,,,,F2,.5,100,,,,,0,,,0,,,35.72,-77.90,,
Tornado,C,141,PENDER,,02-NOV-54 13:30:00,CST,02-NOV-54 13:30:00,0,0,0,0,25K,0,,0,,,,F2,0,27,,,,,0,,,0,,,34.37,-77.70,,
Tornado,C,115,POPE,,30-APR-54 12:00:00,CST,30-APR-54 12:00:00,0,0,0,0,0K,0,,0,,,,F1,.5,50,,,,,0,,,0,,,35.23,-92.93,,
Tornado,C,215,TEXAS,,25-MAR-54 00:55:00,CST,25-MAR-54 00:55:00,0,0,0,0,25K,0,,0,,,,F4,7.2,100,,,,,0,,,0,,,37.37,-92.17,37.45,-92.08
Tornado,C,71,FRANKLIN,,25-MAR-54 02:00:00,CST,25-MAR-54 02:00:00,0,0,0,0,25K,0,,0,,,,F1,0,100,,,,,0,,,0,,,38.58,-90.77,,
Tornado,C,183,ST. CHARLES,,25-MAR-54 02:00:00,CST,25-MAR-54 02:00:00,0,0,0,0,2.5K,0,,0,,,,F1,1,60,,,,,0,,,0,,,38.87,-90.25,,
Tornado,C,71,FRANKLIN,,25-MAR-54 02:00:00,CST,25-MAR-54 02:00:00,0,0,0,0,25K,0,,0,,,,F2,3,60,,,,,0,,,0,,,38.47,-90.75,38.48,-90.70
Tornado,C,183,ST. CHARLES,,25-MAR-54 02:00:00,CST,25-MAR-54 02:00:00,0,0,0,0,25K,0,,0,,,,F3,21.6,20,,,,,0,,,0,,,38.80,-90.80,38.93,-90.43
Tornado,C,7,AUDRAIN,,05-APR-54 02:00:00,CST,05-APR-54 02:00:00,0,0,0,0,2.5K,0,,0,,,,F1,.2,10,,,,,0,,,0,,,39.38,-91.93,,
Tornado,C,7,AUDRAIN,,05-APR-54 02:00:00,CST,05-APR-54 02:00:00,0,0,0,0,25K,0,,0,,,,F1,.3,17,,,,,0,,,0,,,39.10,-91.77,,
Tornado,C,5,ATCHISON,,05-APR-54 17:00:00,CST,05-APR-54 17:00:00,0,0,0,0,250K,0,,0,,,,F4,3,900,,,,,0,,,0,,,40.55,-95.38,40.58,-95.33
Tornado,C,69,DUNKLIN,,15-APR-54 15:30:00,CST,15-APR-54 15:30:00,0,0,0,0,25K,0,,0,,,,F2,1,50,,,,,0,,,0,,,36.12,-90.15,,
Tornado,C,9,BARRY,,30-APR-54 13:00:00,CST,30-APR-54 13:00:00,0,0,0,0,25K,0,,0,,,,F1,7.3,50,,,,,0,,,0,,,36.58,-93.90,36.67,-93.82
Tornado,C,141,MORGAN,,30-APR-54 14:00:00,CST,30-APR-54 14:00:00,0,0,0,0,.03K,0,,0,,,,F2,3.6,400,,,,,0,,,0,,,38.43,-92.83,38.47,-92.78
Tornado,C,19,BOONE,,30-APR-54 15:15:00,CST,30-APR-54 15:15:00,0,0,0,0,25K,0,,0,,,,F2,34.9,100,,,,,0,,,0,,,39.20,-92.33,39.65,-92.03
Tornado,C,3,NEW CASTLE,,01-JUL-54 16:00:00,CST,01-JUL-54 16:00:00,0,0,0,0,2.5K,0,,0,,,,F2,1,50,,,,,0,,,0,,,39.45,-75.73,,
Tornado,C,99,NEVADA,,30-APR-54 11:00:00,CST,30-APR-54 11:00:00,0,0,0,0,2.5K,0,,0,,,,F3,43.8,50,,,,,0,,,0,,,33.17,-94.05,33.52,-93.42
Tornado,C,81,LITTLE RIVER,,30-APR-54 11:00:00,CST,30-APR-54 11:00:00,0,0,0,0,250K,0,,0,,,,F3,27.5,1760,,,,,0,,,0,,,33.58,-94.38,33.80,-93.98
Tornado,C,131,SEBASTIAN,,19-FEB-54 16:45:00,CST,19-FEB-54 16:45:00,0,0,0,0,.25K,0,,0,,,,F2,1,33,,,,,0,,,0,,,35.22,-94.25,,
Tornado,C,7,BENTON,,25-MAR-54 02:15:00,CST,25-MAR-54 02:15:00,0,0,0,0,25K,0,,0,,,,F1,.5,440,,,,,0,,,0,,,36.35,-94.28,,
Tornado,C,3,ASHLEY,,10-APR-54 16:30:00,CST,10-APR-54 16:30:00,0,0,0,0,2.5K,0,,0,,,,F1,.5,47,,,,,0,,,0,,,33.12,-91.98,,
Tornado,C,117,PRAIRIE,,28-APR-54 12:30:00,CST,28-APR-54 12:30:00,0,0,0,0,0K,0,,0,,,,F1,0,33,,,,,0,,,0,,,34.92,-91.50,,
Tornado,C,27,WALDO,,07-JUL-54 13:30:00,CST,07-JUL-54 13:30:00,1,0,0,0,25K,0,,0,,,,F2,7.6,10,,,,,0,,,0,,,45.28,-67.20,45.18,-67.28
Tornado,C,3,AROOSTOOK,,11-AUG-54 17:27:00,CST,11-AUG-54 17:27:00,1,0,1,0,25K,0,,0,,,,F2,1,27,,,,,0,,,0,,,47.02,-68.02,,
Tornado,C,217,VERNON,,31-MAY-54 16:20:00,CST,31-MAY-54 16:20:00,0,0,0,0,25K,0,,0,,,,F1,.5,17,,,,,0,,,0,,,37.83,-94.48,,
Tornado,C,121,MACON,,14-JUN-54 21:00:00,CST,14-JUN-54 21:00:00,0,0,0,0,.25K,0,,0,,,,F0,.2,10,,,,,0,,,0,,,40.03,-94.48,,
Tornado,C,87,HOLT,,15-JUN-54 13:00:00,CST,15-JUN-54 13:00:00,0,0,0,0,.03K,0,,0,,,,F1,.2,10,,,,,0,,,0,,,40.05,-95.27,,
Tornado,C,71,FRANKLIN,,18-AUG-54 17:00:00,CST,18-AUG-54 17:00:00,0,0,0,0,2.5K,0,,0,,,,F0,1.5,10,,,,,0,,,0,,,38.53,-91.28,,
Tornado,C,9,BARRY,,24-MAR-54 22:00:00,CST,24-MAR-54 22:00:00,0,0,0,0,25K,0,,0,,,,F1,23.9,50,,,,,0,,,0,,,36.55,-93.97,36.73,-93.60
Tornado,C,11,BARTON,,24-MAR-54 22:00:00,CST,24-MAR-54 22:00:00,0,0,0,0,250K,0,,0,,,,F1,15.7,33,,,,,0,,,0,,,37.45,-94.40,37.58,-94.17
Tornado,C,97,JASPER,,24-MAR-54 22:00:00,CST,24-MAR-54 22:00:00,0,0,0,0,2.5K,0,,0,,,,F1,.5,17,,,,,0,,,0,,,37.12,-94.53,,
Tornado,C,9,BARRY,,24-MAR-54 23:00:00,CST,24-MAR-54 23:00:00,0,0,0,0,2.5K,0,,0,,,,F1,5.4,50,,,,,0,,,0,,,36.82,-93.88,36.82,-93.78
Tornado,C,145,NEWTON,,24-MAR-54 23:00:00,CST,24-MAR-54 23:00:00,0,0,0,0,2.5K,0,,0,,,,F1,11.9,50,,,,,0,,,0,,,36.82,-94.10,36.82,-93.88
Tornado,C,119,MCDONALD,,24-MAR-54 23:00:00,CST,24-MAR-54 23:00:00,1,0,0,0,25K,0,,0,,,,F2,19.5,50,,,,,0,,,0,,,36.57,-94.52,36.72,-94.22
Tornado,C,119,MCDONALD,,24-MAR-54 23:00:00,CST,24-MAR-54 23:00:00,0,0,0,0,0K,0,,0,,,,F2,6.6,50,,,,,0,,,0,,,36.72,-94.22,36.75,-94.10
Tornado,C,9,BARRY,,24-MAR-54 23:30:00,CST,24-MAR-54 23:30:00,2,0,0,0,25K,0,,0,,,,F3,1,300,,,,,0,,,0,,,36.72,-93.67,,
Tornado,C,225,WEBSTER,,24-MAR-54 23:45:00,CST,24-MAR-54 23:45:00,0,0,0,0,25K,0,,0,,,,F1,4.7,900,,,,,0,,,0,,,37.17,-92.95,37.18,-92.87
Tornado,C,225,WEBSTER,,24-MAR-54 23:45:00,CST,24-MAR-54 23:45:00,0,0,0,0,25K,0,,0,,,,F1,9.7,900,,,,,0,,,0,,,37.18,-92.87,37.23,-92.70
Tornado,C,43,CHRISTIAN,,24-MAR-54 23:45:00,CST,24-MAR-54 23:45:00,0,0,0,0,25K,0,,0,,,,F1,3.3,50,,,,,0,,,0,,,36.97,-93.23,37.02,-93.22
Tornado,C,215,TEXAS,,25-MAR-54 00:55:00,CST,25-MAR-54 00:55:00,0,0,2,0,25K,0,,0,,,,F4,4.9,100,,,,,0,,,0,,,37.32,-92.23,37.37,-92.17
Tornado,C,23,CHARLES MIX,,29-JUL-54 16:30:00,CST,29-JUL-54 16:30:00,0,0,0,0,0K,0,,0,,,,F2,4.1,33,,,,,0,,,0,,,43.05,-98.33,42.98,-98.30
Tornado,C,53,GREGORY,,01-AUG-54 17:30:00,CST,01-AUG-54 17:30:00,2,0,0,0,.25K,0,,0,,,,F2,14.2,33,,,,,0,,,0,,,43.27,-99.47,43.12,-99.27
Tornado,C,73,KINGFISHER,,29-APR-54 18:45:00,CST,29-APR-54 18:45:00,2,0,0,0,25K,0,,0,,,,F2,4.6,100,,,,,0,,,0,,,35.93,-98.10,36.00,-98.10
Tornado,C,17,CANADIAN,,29-APR-54 21:00:00,CST,29-APR-54 21:00:00,0,0,0,0,0K,0,,0,,,,F2,2,33,,,,,0,,,0,,,35.50,-97.80,,
Tornado,C,31,COMANCHE,,29-APR-54 21:45:00,CST,29-APR-54 21:45:00,0,0,0,0,.03K,0,,0,,,,F1,0,20,,,,,0,,,0,,,34.60,-98.30,,
Tornado,C,123,PONTOTOC,,30-APR-54 01:00:00,CST,30-APR-54 01:00:00,0,0,0,0,2.5K,0,,0,,,,F1,0,33,,,,,0,,,0,,,34.92,-96.82,,
Tornado,C,23,CHOCTAW,,30-APR-54 09:30:00,CST,30-APR-54 09:30:00,12,0,0,0,250K,0,,0,,,,F3,1,150,,,,,0,,,0,,,34.00,-95.52,,
Tornado,C,61,HASKELL,,30-APR-54 10:45:00,CST,30-APR-54 10:45:00,0,0,0,0,2.5K,0,,0,,,,F1,0,33,,,,,0,,,0,,,35.25,-95.17,,
Tornado,C,141,TILLMAN,,01-MAY-54 14:16:00,CST,01-MAY-54 14:16:00,0,0,0,0,2.5K,0,,0,,,,F4,34.6,440,,,,,0,,,0,,,34.20,-99.18,34.65,-98.92
Tornado,C,141,TILLMAN,,01-MAY-54 15:30:00,CST,01-MAY-54 15:30:00,0,0,0,0,25K,0,,0,,,,F2,0,33,,,,,0,,,0,,,34.25,-99.10,,
Tornado,C,141,TILLMAN,,01-MAY-54 16:00:00,CST,01-MAY-54 16:00:00,0,0,0,0,250K,0,,0,,,,F3,1.9,33,,,,,0,,,0,,,34.23,-98.62,34.25,-98.60
Tornado,C,33,COTTON,,01-MAY-54 16:00:00,CST,01-MAY-54 16:00:00,3,0,3,0,250K,0,,0,,,,F3,10.4,33,,,,,0,,,0,,,34.25,-98.60,34.35,-98.47
Tornado,C,15,CADDO,,01-MAY-54 16:50:00,CST,01-MAY-54 16:50:00,0,0,0,0,25K,0,,0,,,,F2,11.6,300,,,,,0,,,0,,,35.00,-98.48,35.12,-98.33
Tornado,C,119,PAYNE,,01-MAY-54 17:42:00,CST,01-MAY-54 17:42:00,7,0,0,0,25K,0,,0,,,,F2,1.9,33,,,,,0,,,0,,,36.23,-96.92,36.25,-96.90
Tornado,C,117,PAWNEE,,01-MAY-54 17:42:00,CST,01-MAY-54 17:42:00,0,0,0,0,25K,0,,0,,,,F2,5.9,33,,,,,0,,,0,,,36.25,-96.90,36.32,-96.83
Tornado,C,313,MADISON,,22-OCT-54 08:00:00,CST,22-OCT-54 08:00:00,0,0,0,0,25K,0,,0,,,,F2,7.1,100,,,,,0,,,0,,,30.92,-96.12,30.92,-96.00
Tornado,C,469,VICTORIA,,22-OCT-54 17:00:00,CST,22-OCT-54 17:00:00,1,0,0,0,25K,0,,0,,,,F1,7.1,333,,,,,0,,,0,,,28.65,-96.90,28.73,-96.83
Tornado,C,409,SAN PATRICIO,,22-OCT-54 19:00:00,CST,22-OCT-54 19:00:00,25,0,0,0,250K,0,,0,,,,F3,20.5,333,,,,,0,,,0,,,28.15,-97.43,27.87,-97.33
Tornado,C,75,POWDER RIVER,,27-MAY-54 17:00:00,CST,27-MAY-54 17:00:00,0,0,0,0,2.5K,0,,0,,,,F2,.1,23,,,,,0,,,0,,,45.43,-105.38,,
Tornado,C,105,VALLEY,,09-JUL-54 23:00:00,CST,09-JUL-54 23:00:00,0,0,0,0,.25K,0,,0,,,,,2,73,,,,,0,,,0,,,48.65,-106.20,,
Tornado,C,11,CARTER,,26-JUL-54 17:00:00,CST,26-JUL-54 17:00:00,0,0,0,0,0K,0,,0,,,,F1,2.7,17,,,,,0,,,0,,,45.85,-104.07,45.90,-104.05
Tornado,C,101,WARD,,13-JUN-54 17:40:00,CST,13-JUN-54 17:40:00,0,0,0,0,0K,0,,0,,,,F2,0,33,,,,,0,,,0,,,47.92,-101.67,,
Tornado,C,37,GRANT,,16-JUN-54 13:00:00,CST,16-JUN-54 13:00:00,0,0,0,0,0K,0,,0,,,,F0,0,33,,,,,0,,,0,,,46.13,-101.83,,
Tornado,C,103,WELLS,,06-JUL-54 15:00:00,CST,06-JUL-54 15:00:00,0,0,0,0,25K,0,,0,,,,F2,2,880,,,,,0,,,0,,,47.70,-99.87,,
Tornado,C,7,BILLINGS,,06-AUG-54 20:00:00,CST,06-AUG-54 20:00:00,0,0,0,0,0K,0,,0,,,,,0,33,,,,,0,,,0,,,46.92,-103.50,,
Tornado,C,141,ROSS,,19-MAR-54 19:50:00,CST,19-MAR-54 19:50:00,0,0,0,0,250K,0,,0,,,,F1,1,33,,,,,0,,,0,,,39.47,-82.75,,
Tornado,C,81,JEFFERSON,,27-APR-54 17:55:00,CST,27-APR-54 17:55:00,1,0,0,0,250K,0,,0,,,,F2,1,33,,,,,0,,,0,,,40.22,-80.88,,
Tornado,C,61,HAMILTON,,02-MAY-54 14:30:00,CST,02-MAY-54 14:30:00,0,0,0,0,250K,0,,0,,,,F1,0,167,,,,,0,,,0,,,39.20,-84.43,,
Tornado,C,51,FULTON,,02-MAY-54 17:00:00,CST,02-MAY-54 17:00:00,0,0,0,0,0K,0,,0,,,,F0,0,33,,,,,0,,,0,,,41.70,-84.57,,
Tornado,C,69,HENRY,,02-MAY-54 17:00:00,CST,02-MAY-54 17:00:00,0,0,0,0,0K,0,,0,,,,F0,0,33,,,,,0,,,0,,,41.25,-84.13,,
Tornado,C,137,PUTNAM,,02-MAY-54 17:10:00,CST,02-MAY-54 17:10:00,0,0,0,0,0K,0,,0,,,,,0,33,,,,,0,,,0,,,40.93,-83.97,,
Tornado,C,51,FULTON,,02-MAY-54 17:10:00,CST,02-MAY-54 17:10:00,0,0,0,0,0K,0,,0,,,,F0,0,33,,,,,0,,,0,,,41.70,-84.40,,
Tornado,C,49,FRANKLIN,,26-JUN-54 11:15:00,CST,26-JUN-54 11:15:00,0,0,0,0,25K,0,,0,,,,F0,0,33,,,,,0,,,0,,,40.10,-82.98,,
Tornado,C,119,MUSKINGUM,,26-JUN-54 11:40:00,CST,26-JUN-54 11:40:00,0,0,0,0,25K,0,,0,,,,F1,0,33,,,,,0,,,0,,,39.95,-81.90,,
Tornado,C,43,ERIE,,12-AUG-54 17:00:00,CST,12-AUG-54 17:00:00,0,0,0,0,2.5K,0,,0,,,,F0,0,33,,,,,0,,,0,,,41.42,-82.37,,
Tornado,C,25,CABARRUS,,28-NOV-54 22:30:00,CST,28-NOV-54 22:30:00,0,0,0,0,25K,0,,0,,,,F1,2,500,,,,,0,,,0,,,35.40,-80.60,,
Tornado,C,151,SWIFT,,15-AUG-54 15:15:00,CST,15-AUG-54 15:15:00,0,0,0,0,25K,0,,0,,,,F2,7.9,33,,,,,0,,,0,,,45.42,-95.50,45.52,-95.40
Tornado,C,9,BENTON,,15-AUG-54 16:30:00,CST,15-AUG-54 16:30:00,1,0,0,0,25K,0,,0,,,,F1,1,100,,,,,0,,,0,,,45.75,-94.12,,
Tornado,C,13,TOLLAND,,10-MAY-54 08:30:00,CST,10-MAY-54 08:30:00,2,0,0,0,25K,0,,0,,,,F3,.3,33,,,,,0,,,0,,,41.92,-72.47,,
Tornado,C,3,HARTFORD,,10-MAY-54 11:55:00,CST,10-MAY-54 11:55:00,0,0,0,0,2.5K,0,,0,,,,F2,.8,17,,,,,0,,,0,,,42.00,-72.88,,
Tornado,C,125,LAUREL,,01-JUN-54 09:00:00,CST,01-JUN-54 09:00:00,0,0,0,0,250K,0,,0,,,,F2,16.4,67,,,,,0,,,0,,,37.28,-84.12,37.45,-83.90
Tornado,C,217,TAYLOR,,02-AUG-54 15:00:00,CST,02-AUG-54 15:00:00,0,0,0,0,25K,0,,0,,,,F2,15.1,33,,,,,0,,,0,,,37.45,-85.33,37.65,-85.22
Tornado,C,71,JOHNSON,,15-FEB-54 20:18:00,CST,15-FEB-54 20:18:00,24,0,0,0,250K,0,,0,,,,F3,1,100,,,,,0,,,0,,,35.48,-93.48,,
Tornado,C,133,SEVIER,,15-FEB-54 22:10:00,CST,15-FEB-54 22:10:00,0,0,0,0,0K,0,,0,,,,F2,0,167,,,,,0,,,0,,,34.10,-94.15,,
Tornado,C,93,MISSISSIPPI,,16-FEB-54 02:30:00,CST,16-FEB-54 02:30:00,4,0,1,0,25K,0,,0,,,,F3,2,880,,,,,0,,,0,,,35.52,-90.22,,
Tornado,C,69,JEFFERSON,,19-FEB-54 15:45:00,CST,19-FEB-54 15:45:00,1,0,0,0,25K,0,,0,,,,F2,1.2,167,,,,,0,,,0,,,34.18,-92.12,,
Tornado,C,71,SAN BERNARDINO,,25-JUN-54 12:00:00,CST,25-JUN-54 12:00:00,0,0,0,0,.25K,0,,0,,,,F2,0,33,,,,,0,,,0,,,34.63,-117.20,,
Tornado,C,57,HEMPSTEAD,,30-APR-54 12:00:00,CST,30-APR-54 12:00:00,0,0,0,0,250K,0,,0,,,,F3,51.6,1760,,,,,0,,,0,,,33.93,-93.82,33.48,-93.10
Tornado,C,143,WASHINGTON,,30-APR-54 12:10:00,CST,30-APR-54 12:10:00,1,0,0,0,250K,0,,0,,,,F3,19.2,440,,,,,0,,,0,,,35.75,-94.32,36.00,-94.17
Tornado,C,143,WASHINGTON,,30-APR-54 12:20:00,CST,30-APR-54 12:20:00,0,0,0,0,250K,0,,0,,,,F3,5.4,33,,,,,0,,,0,,,36.03,-94.05,36.10,-94.00
Tornado,C,71,JOHNSON,,30-APR-54 12:30:00,CST,30-APR-54 12:30:00,0,0,0,0,25K,0,,0,,,,F1,6.9,100,,,,,0,,,0,,,35.45,-93.58,35.48,-93.47
Tornado,C,75,LAWRENCE,,30-APR-54 15:15:00,CST,30-APR-54 15:15:00,0,0,0,0,25K,0,,0,,,,F2,38.8,100,,,,,0,,,0,,,35.97,-91.27,36.17,-90.62
Tornado,C,91,MILLER,,02-MAY-54 06:30:00,CST,02-MAY-54 06:30:00,0,0,0,0,2.5K,0,,0,,,,F1,2.7,50,,,,,0,,,0,,,33.50,-93.83,,
Tornado,C,19,CLARK,,02-MAY-54 09:15:00,CST,02-MAY-54 09:15:00,0,0,0,0,0K,0,,0,,,,F1,.5,40,,,,,0,,,0,,,34.00,-93.33,,
Tornado,C,93,MISSISSIPPI,,02-MAY-54 09:30:00,CST,02-MAY-54 09:30:00,0,0,0,0,2.5K,0,,0,,,,F1,0,33,,,,,0,,,0,,,35.85,-90.03,,
Tornado,C,1,ARKANSAS,,02-MAY-54 11:00:00,CST,02-MAY-54 11:00:00,0,0,0,0,0K,0,,0,,,,F3,.4,50,,,,,0,,,0,,,34.50,-91.55,,
Tornado,C,93,MISSISSIPPI,,02-JUN-54 21:00:00,CST,02-JUN-54 21:00:00,1,0,0,0,2.5K,0,,0,,,,F1,0,33,,,,,0,,,0,,,35.85,-89.73,,
Tornado,C,93,MISSISSIPPI,,13-JUN-54 14:00:00,CST,13-JUN-54 14:00:00,0,0,0,0,2.5K,0,,0,,,,F3,2.5,833,,,,,0,,,0,,,35.68,-90.10,,
Tornado,C,55,GREENE,,29-JUN-54 14:10:00,CST,29-JUN-54 14:10:00,0,0,0,0,0K,0,,0,,,,F2,0,33,,,,,0,,,0,,,36.05,-90.50,,
Tornado,C,127,SCOTT,,08-JUL-54 18:30:00,CST,08-JUL-54 18:30:00,0,0,0,0,2.5K,0,,0,,,,F1,1,100,,,,,0,,,0,,,34.90,-94.13,,
Tornado,C,25,CLEVELAND,,19-JUL-54 17:30:00,CST,19-JUL-54 17:30:00,0,0,0,0,0K,0,,0,,,,F1,2,33,,,,,0,,,0,,,33.85,-92.28,,
Tornado,C,133,SEVIER,,29-AUG-54 22:30:00,CST,29-AUG-54 22:30:00,1,0,0,0,2.5K,0,,0,,,,F2,8.4,33,,,,,0,,,0,,,33.83,-94.12,33.95,-94.15
Tornado,C,11,FRANKLIN,,14-JUL-54 17:50:00,CST,14-JUL-54 17:50:00,0,0,0,0,2.5K,0,,0,,,,F1,1.3,33,,,,,0,,,0,,,42.67,-72.73,42.63,-72.70
Tornado,C,15,HAMPSHIRE,,16-AUG-54 18:45:00,CST,16-AUG-54 18:45:00,0,0,0,0,2.5K,0,,0,,,,F1,2,33,,,,,0,,,0,,,42.27,-72.25,,
Tornado,C,77,KALAMAZOO,,07-APR-54 18:00:00,CST,07-APR-54 18:00:00,0,0,0,0,25K,0,,0,,,,F1,0,33,,,,,0,,,0,,,42.12,-85.37,,
Tornado,C,49,GENESEE,,07-APR-54 18:40:00,CST,07-APR-54 18:40:00,2,0,0,0,25K,0,,0,,,,F2,0,33,,,,,0,,,0,,,42.95,-83.83,,
Tornado,C,159,VAN BUREN,,31-MAY-54 16:00:00,CST,31-MAY-54 16:00:00,0,0,0,0,250K,0,,0,,,,F2,9.3,33,,,,,0,,,0,,,42.30,-86.20,42.40,-86.07
Tornado,C,5,ALLEGAN,,31-MAY-54 16:10:00,CST,31-MAY-54 16:10:00,0,0,0,0,2.5K,0,,0,,,,F2,.3,110,,,,,0,,,0,,,42.53,-85.77,,
Tornado,C,23,BRANCH,,31-MAY-54 17:45:00,CST,31-MAY-54 17:45:00,0,0,0,0,25K,0,,0,,,,F1,.3,100,,,,,0,,,0,,,41.85,-84.98,,
Tornado,C,161,WASHTENAW,,31-MAY-54 18:45:00,CST,31-MAY-54 18:45:00,0,0,0,0,.25K,0,,0,,,,F0,.1,33,,,,,0,,,0,,,42.32,-83.83,,
Tornado,C,163,WAYNE,,31-MAY-54 19:30:00,CST,31-MAY-54 19:30:00,0,0,0,0,2.5K,0,,0,,,,F1,1.8,100,,,,,0,,,0,,,42.40,-82.98,,
Tornado,C,91,LENAWEE,,12-JUN-54 16:30:00,CST,12-JUN-54 16:30:00,0,0,0,0,2.5K,0,,0,,,,F0,.1,7,,,,,0,,,0,,,42.05,-84.27,,
Tornado,C,75,JACKSON,,19-JUN-54 16:00:00,CST,19-JUN-54 16:00:00,0,0,0,0,2.5K,0,,0,,,,F0,0,33,,,,,0,,,0,,,42.20,-84.35,,
Tornado,C,1,ALCONA,,09-AUG-54 14:45:00,CST,09-AUG-54 14:45:00,0,0,0,0,25K,0,,0,,,,F1,0,500,,,,,0,,,0,,,44.58,-83.33,,
Tornado,C,49,GENESEE,,24-AUG-54 15:00:00,CST,24-AUG-54 15:00:00,0,0,0,0,.25K,0,,0,,,,F2,1.3,17,,,,,0,,,0,,,43.10,-83.85,,
Tornado,C,57,GRATIOT,,14-OCT-54 15:50:00,CST,14-OCT-54 15:50:00,0,0,0,0,25K,0,,0,,,,F2,2,50,,,,,0,,,0,,,43.18,-84.47,,
Tornado,C,217,VERNON,,04-SEP-54 14:00:00,CST,04-SEP-54 14:00:00,0,0,0,0,2.5K,0,,0,,,,F1,1,200,,,,,0,,,0,,,38.03,-94.57,,
Tornado,C,69,DUNKLIN,,06-SEP-54 12:30:00,CST,06-SEP-54 12:30:00,0,0,0,0,2.5K,0,,0,,,,F1,.5,10,,,,,0,,,0,,,36.52,-90.05,,
Tornado,C,133,SUNFLOWER,,24-JUL-54 18:00:00,CST,24-JUL-54 18:00:00,0,0,0,0,25K,0,,0,,,,,0,33,,,,,0,,,0,,,33.97,-90.48,,
Tornado,C,129,SMITH,,28-DEC-54 18:00:00,CST,28-DEC-54 18:00:00,2,0,0,0,25K,0,,0,,,,F1,.1,7,,,,,0,,,0,,,32.12,-89.52,,
Tornado,C,67,JONES,,28-DEC-54 18:00:00,CST,28-DEC-54 18:00:00,25,0,0,0,2.5M,0,,0,,,,F3,11.5,250,,,,,0,,,0,,,31.63,-89.18,31.77,-89.07
Tornado,C,69,KEMPER,,29-DEC-54 01:00:00,CST,29-DEC-54 01:00:00,9,0,0,0,0K,0,,0,,,,F2,3,300,,,,,0,,,0,,,32.90,-88.70,32.92,-88.67
Tornado,C,103,NOXUBEE,,29-DEC-54 01:10:00,CST,29-DEC-54 01:10:00,0,0,0,0,0K,0,,0,,,,F2,8.5,300,,,,,0,,,0,,,32.92,-88.67,33.02,-88.58
Tornado,C,19,BOONE,,30-APR-54 16:15:00,CST,30-APR-54 16:15:00,0,0,0,0,25K,0,,0,,,,F2,46.4,100,,,,,0,,,0,,,39.65,-92.03,40.28,-91.73
Tornado,C,19,BOONE,,30-APR-54 17:15:00,CST,30-APR-54 17:15:00,0,0,0,0,25K,0,,0,,,,F2,8.3,100,,,,,0,,,0,,,40.28,-91.73,40.40,-91.67
Tornado,C,143,NEW MADRID,,02-MAY-54 02:00:00,CST,02-MAY-54 02:00:00,0,0,0,0,25K,0,,0,,,,F1,.2,10,,,,,0,,,0,,,36.50,-89.52,,
Tornado,C,75,GENTRY,,07-MAY-54 16:00:00,CST,07-MAY-54 16:00:00,0,0,0,0,.25K,0,,0,,,,F0,.1,10,,,,,0,,,0,,,40.08,-94.50,,
Tornado,C,15,BENTON,,28-MAY-54 13:15:00,CST,28-MAY-54 13:15:00,0,0,0,0,250K,0,,0,,,,F2,1,100,,,,,0,,,0,,,38.25,-93.13,,
Tornado,C,29,CAMDEN,,28-MAY-54 15:00:00,CST,28-MAY-54 15:00:00,0,0,0,0,25K,0,,0,,,,F2,4.5,100,,,,,0,,,0,,,38.15,-92.87,38.20,-92.82
Tornado,C,141,MORGAN,,28-MAY-54 15:00:00,CST,28-MAY-54 15:00:00,2,0,0,0,25K,0,,0,,,,F2,2.3,100,,,,,0,,,0,,,38.20,-92.82,38.22,-92.78
Tornado,C,141,MORGAN,,31-MAY-54 14:45:00,CST,31-MAY-54 14:45:00,0,0,0,0,25K,0,,0,,,,F2,6.8,440,,,,,0,,,0,,,40.43,-95.15,40.45,-95.02
Tornado,C,5,ATCHISON,,31-MAY-54 14:45:00,CST,31-MAY-54 14:45:00,0,0,0,0,25K,0,,0,,,,F2,14.2,440,,,,,0,,,0,,,40.38,-95.42,40.43,-95.15
Tornado,C,45,DALE,,16-APR-54 08:00:00,CST,16-APR-54 08:00:00,1,0,0,0,25K,0,,0,,,,F2,16,100,,,,,0,,,0,,,31.33,-85.80,31.45,-85.57
Tornado,C,81,LEE,,05-DEC-54 12:00:00,CST,05-DEC-54 12:00:00,4,0,0,0,250K,0,,0,,,,F3,19.4,100,,,,,0,,,0,,,32.68,-85.42,32.67,-85.08
Tornado,C,15,CALHOUN,,05-DEC-54 13:30:00,CST,05-DEC-54 13:30:00,26,0,0,0,250K,0,,0,,,,F3,24.7,100,,,,,0,,,0,,,33.78,-86.00,33.92,-85.60
Tornado,C,5,BARBOUR,,05-DEC-54 13:45:00,CST,05-DEC-54 13:45:00,3,0,0,0,2.5K,0,,0,,,,F2,17.5,100,,,,,0,,,0,,,31.93,-85.38,31.93,-85.08
Tornado,C,109,PIKE,,05-DEC-54 16:00:00,CST,05-DEC-54 16:00:00,2,0,0,0,2.5K,0,,0,,,,F1,1.5,83,,,,,0,,,0,,,31.88,-86.07,,
Tornado,C,113,RUSSELL,,05-DEC-54 16:00:00,CST,05-DEC-54 16:00:00,0,0,0,0,25K,0,,0,,,,F2,0,33,,,,,0,,,0,,,32.45,-85.28,,
Tornado,C,113,RUSSELL,,13-MAR-54 20:40:00,CST,13-MAR-54 20:40:00,0,0,0,0,25K,0,,0,,,,F3,1.9,880,,,,,0,,,0,,,32.33,-85.03,32.35,-85.02
Tornado,C,67,HENRY,,29-MAR-54 14:30:00,CST,29-MAR-54 14:30:00,0,0,0,0,25K,0,,0,,,,F2,2.5,100,,,,,0,,,0,,,31.37,-85.28,,
Tornado,C,21,CHILTON,,28-FEB-54 02:00:00,CST,28-FEB-54 02:00:00,0,0,0,0,2.5K,0,,0,,,,F1,12.5,167,,,,,0,,,0,,,32.92,-86.82,33.03,-86.65
Tornado,C,21,FREDERICK,,03-MAY-54 17:00:00,CST,03-MAY-54 17:00:00,0,0,0,0,0K,0,,0,,,,F0,0,150,,,,,0,,,0,,,39.32,-77.63,39.33,-77.62
Tornado,C,23,GARRETT,,14-JUL-54 22:00:00,CST,14-JUL-54 22:00:00,8,0,0,0,25K,0,,0,,,,F1,12,880,,,,,0,,,0,,,39.30,-79.47,39.43,-79.32
Tornado,C,63,FRONTIER,,20-APR-54 20:30:00,CST,20-APR-54 20:30:00,0,0,0,0,25K,0,,0,,,,F3,5.9,1760,,,,,0,,,0,,,40.58,-100.13,40.57,-100.02
Tornado,C,45,DAWES,,22-MAY-54 22:00:00,CST,22-MAY-54 22:00:00,0,0,0,0,0K,0,,0,,,,,0,33,,,,,0,,,0,,,42.47,-102.93,,
Tornado,C,141,PLATTE,,30-MAY-54 20:00:00,CST,30-MAY-54 20:00:00,0,0,0,0,2.5M,0,,0,,,,F4,0,400,,,,,0,,,0,,,41.73,-97.73,41.75,-97.72
Tornado,C,119,MADISON,,30-MAY-54 20:30:00,CST,30-MAY-54 20:30:00,23,0,6,0,2.5M,0,,0,,,,F4,24,167,,,,,0,,,0,,,41.75,-97.72,41.98,-97.37
Tornado,C,167,STANTON,,30-MAY-54 21:00:00,CST,30-MAY-54 21:00:00,0,0,0,0,2.5M,0,,0,,,,F4,5.9,33,,,,,0,,,0,,,41.98,-97.37,42.05,-97.28
Tornado,C,183,OHIO,,02-MAY-54 12:00:00,CST,02-MAY-54 12:00:00,0,0,0,0,2.5K,0,,0,,,,F1,10,33,,,,,0,,,0,,,37.45,-87.08,37.43,-86.90
Tornado,C,105,KIMBALL,,06-JUN-54 16:30:00,CST,06-JUN-54 16:30:00,0,0,0,0,25K,0,,0,,,,F2,19.9,33,,,,,0,,,0,,,41.23,-103.65,41.38,-103.32
Tornado,C,75,GRANT,,06-JUN-54 18:30:00,CST,06-JUN-54 18:30:00,1,0,0,0,250K,0,,0,,,,F1,5.9,33,,,,,0,,,0,,,41.98,-101.77,42.05,-101.68
Tornado,C,97,JOHNSON,,11-JUN-54 00:30:00,CST,11-JUN-54 00:30:00,0,0,0,0,2.5K,0,,0,,,,F0,0,33,,,,,0,,,0,,,40.40,-96.02,,
Tornado,C,87,HITCHCOCK,,13-JUN-54 16:45:00,CST,13-JUN-54 16:45:00,0,0,0,0,2.5K,0,,0,,,,F1,1,33,,,,,0,,,0,,,40.17,-101.02,,
Tornado,C,47,DAWSON,,16-JUN-54 18:30:00,CST,16-JUN-54 18:30:00,0,0,0,0,.25K,0,,0,,,,F1,3,33,,,,,0,,,0,,,40.72,-100.05,,
Tornado,C,167,STANTON,,17-JUN-54 19:45:00,CST,17-JUN-54 19:45:00,0,0,0,0,250K,0,,0,,,,F3,17.9,163,,,,,0,,,0,,,42.08,-97.05,42.12,-96.70
Tornado,C,173,THURSTON,,17-JUN-54 20:15:00,CST,17-JUN-54 20:15:00,0,0,1,0,250K,0,,0,,,,F3,5.7,163,,,,,0,,,0,,,42.12,-96.70,42.20,-96.70
Tornado,C,119,MADISON,,20-JUN-54 18:30:00,CST,20-JUN-54 18:30:00,7,0,0,0,25K,0,,0,,,,F1,1,33,,,,,0,,,0,,,41.97,-97.82,,
Tornado,C,79,HALL,,20-JUN-54 23:00:00,CST,20-JUN-54 23:00:00,0,0,0,0,2.5K,0,,0,,,,F1,1,33,,,,,0,,,0,,,40.93,-98.33,,
Tornado,C,97,JOHNSON,,20-JUL-54 17:00:00,CST,20-JUL-54 17:00:00,0,0,0,0,2.5K,0,,0,,,,F1,1,33,,,,,0,,,0,,,40.30,-96.25,,
Tornado,C,163,SHERMAN,,27-JUL-54 14:45:00,CST,27-JUL-54 14:45:00,1,0,0,0,2.5K,0,,0,,,,F1,6.2,33,,,,,0,,,0,,,41.28,-99.05,41.28,-98.92
Tornado,C,185,YORK,,30-JUL-54 16:10:00,CST,30-JUL-54 16:10:00,0,0,0,0,25K,0,,0,,,,F2,1.5,880,,,,,0,,,0,,,40.87,-97.62,,
Tornado,C,47,DAWSON,,13-AUG-54 19:00:00,CST,13-AUG-54 19:00:00,0,0,0,0,2.5K,0,,0,,,,F1,0,33,,,,,0,,,0,,,40.77,-99.77,,
Tornado,C,173,THURSTON,,25-AUG-54 03:30:00,CST,25-AUG-54 03:30:00,0,0,0,0,2.5K,0,,0,,,,F0,0,33,,,,,0,,,0,,,42.17,-96.67,,
Tornado,C,55,MCCONE,,26-AUG-54 17:00:00,CST,26-AUG-54 17:00:00,0,0,0,0,25K,0,,0,,,,F2,20.9,880,,,,,0,,,0,,,47.58,-105.60,47.87,-105.43
Tornado,C,15,ROCKINGHAM,,31-JUL-54 15:15:00,CST,31-JUL-54 15:15:00,0,0,0,0,25K,0,,0,,,,F1,3.8,70,,,,,0,,,0,,,42.90,-71.33,42.93,-71.25
Tornado,C,91,JOHNSON,,30-JUN-54 18:30:00,CST,30-JUN-54 18:30:00,0,0,0,0,2.5K,0,,0,,,,F0,1,33,,,,,0,,,0,,,38.87,-94.82,,
Tornado,C,169,SALINE,,01-JUL-54 15:08:00,CST,01-JUL-54 15:08:00,0,0,0,0,0K,0,,0,,,,F0,0,33,,,,,0,,,0,,,38.68,-97.67,,
Tornado,C,31,COFFEY,,05-JUL-54 17:00:00,CST,05-JUL-54 17:00:00,0,0,0,0,25K,0,,0,,,,,0,33,,,,,0,,,0,,,38.15,-95.53,,
Tornado,C,115,MARION,,22-JUL-54 14:45:00,CST,22-JUL-54 14:45:00,0,0,0,0,2.5K,0,,0,,,,F1,0,33,,,,,0,,,0,,,38.35,-97.22,,
Tornado,C,99,LABETTE,,22-JUL-54 20:00:00,CST,22-JUL-54 20:00:00,0,0,0,0,0K,0,,0,,,,F2,11.2,440,,,,,0,,,0,,,37.08,-95.18,37.22,-95.07
Tornado,C,115,MARION,,05-AUG-54 16:30:00,CST,05-AUG-54 16:30:00,0,0,0,0,0K,0,,0,,,,F2,19.6,33,,,,,0,,,0,,,38.17,-97.12,38.38,-96.88
Tornado,C,97,KIOWA,,05-AUG-54 17:15:00,CST,05-AUG-54 17:15:00,0,0,0,0,0K,0,,0,,,,,73,33,,,,,0,,,0,,,37.62,-99.32,38.35,-98.35
Tornado,C,139,HALL,,31-MAR-54 14:30:00,CST,31-MAR-54 14:30:00,0,0,0,0,25K,0,,0,,,,F1,.1,400,,,,,0,,,0,,,34.35,-83.87,,
Tornado,C,115,SUSQUEHANNA,,17-APR-54 01:00:00,CST,17-APR-54 01:00:00,0,0,0,0,2.5K,0,,0,,,,F2,2,3,,,,,0,,,0,,,41.67,-75.65,,
Tornado,C,111,SOMERSET,,22-APR-54 13:00:00,CST,22-APR-54 13:00:00,0,0,0,0,.03K,0,,0,,,,F0,1,3,,,,,0,,,0,,,39.77,-79.07,,
Tornado,C,1,ADAMS,,25-APR-54 16:30:00,CST,25-APR-54 16:30:00,0,0,0,0,25K,0,,0,,,,F2,13.3,500,,,,,0,,,0,,,39.83,-77.23,39.80,-76.98
Tornado,C,33,CLEARFIELD,,27-APR-54 14:00:00,CST,27-APR-54 14:00:00,0,0,0,0,.25K,0,,0,,,,F1,1,67,,,,,0,,,0,,,40.75,-78.67,,
Tornado,C,35,CLINTON,,13-MAY-54 18:00:00,CST,13-MAY-54 18:00:00,0,0,0,0,2.5K,0,,0,,,,F0,.8,33,,,,,0,,,0,,,41.33,-77.77,,
Tornado,C,85,MERCER,,01-JUN-54 13:30:00,CST,01-JUN-54 13:30:00,3,0,0,0,2.5K,0,,0,,,,F2,0,3,,,,,0,,,0,,,41.30,-80.08,,
Tornado,C,51,FAYETTE,,01-JUN-54 16:00:00,CST,01-JUN-54 16:00:00,0,0,0,0,2.5K,0,,0,,,,F0,0,33,,,,,0,,,0,,,39.87,-79.50,,
Tornado,C,19,BUTLER,,01-JUN-54 17:30:00,CST,01-JUN-54 17:30:00,0,0,0,0,25K,0,,0,,,,F2,3,150,,,,,0,,,0,,,40.92,-79.80,40.95,-79.73
Tornado,C,31,CLARION,,01-JUN-54 18:00:00,CST,01-JUN-54 18:00:00,0,0,0,0,2.5K,0,,0,,,,F2,0,33,,,,,0,,,0,,,41.23,-79.55,41.25,-79.50
Tornado,C,7,BEAVER,,10-JUN-54 22:04:00,CST,10-JUN-54 22:04:00,1,0,0,0,25K,0,,0,,,,F2,7.3,33,,,,,0,,,0,,,40.75,-80.25,40.85,-80.18
Tornado,C,3,ALLEGHENY,,10-JUN-54 22:15:00,CST,10-JUN-54 22:15:00,0,0,0,0,.25K,0,,0,,,,F0,0,33,,,,,0,,,0,,,40.28,-80.12,,
Tornado,C,105,POTTER,,12-JUN-54 21:30:00,CST,12-JUN-54 21:30:00,0,0,0,0,25K,0,,0,,,,F2,.2,67,,,,,0,,,0,,,41.68,-78.18,,
Tornado,C,129,WESTMORELAND,,26-JUN-54 13:25:00,CST,26-JUN-54 13:25:00,4,0,0,0,25K,0,,0,,,,F2,0,67,,,,,0,,,0,,,40.25,-79.68,,
Tornado,C,63,INDIANA,,05-JUL-54 11:40:00,CST,05-JUL-54 11:40:00,0,0,0,0,0K,0,,0,,,,F1,0,33,,,,,0,,,0,,,40.92,-78.92,,
Tornado,C,49,ERIE,,29-JUL-54 17:00:00,CST,29-JUL-54 17:00:00,0,0,0,0,.25K,0,,0,,,,F1,0,33,,,,,0,,,0,,,42.12,-80.08,,
Tornado,C,145,PAGE,,05-APR-54 17:30:00,CST,05-APR-54 17:30:00,0,0,0,0,0K,0,,0,,,,F3,5.2,667,,,,,0,,,0,,,40.60,-95.23,40.67,-95.17
Tornado,C,173,TAYLOR,,05-APR-54 17:45:00,CST,05-APR-54 17:45:00,0,0,0,0,.25K,0,,0,,,,F2,11.5,333,,,,,0,,,0,,,40.67,-94.88,40.72,-94.67
Tornado,C,173,TAYLOR,,05-APR-54 18:15:00,CST,05-APR-54 18:15:00,0,0,0,0,.25K,0,,0,,,,F1,0,200,,,,,0,,,0,,,40.68,-94.73,,
Tornado,C,41,CLAY,,26-APR-54 17:23:00,CST,26-APR-54 17:23:00,0,0,0,0,.25K,0,,0,,,,F2,8.4,33,,,,,0,,,0,,,43.05,-95.30,42.97,-95.17
Tornado,C,155,RENO,,05-AUG-54 17:15:00,CST,05-AUG-54 17:15:00,0,0,0,0,0K,0,,0,,,,F2,0,33,,,,,0,,,0,,,38.05,-97.95,,
Tornado,C,59,FRANKLIN,,05-AUG-54 18:30:00,CST,05-AUG-54 18:30:00,0,0,0,0,25K,0,,0,,,,F1,2,200,,,,,0,,,0,,,38.52,-95.37,,
Tornado,C,59,FRANKLIN,,05-AUG-54 20:15:00,CST,05-AUG-54 20:15:00,2,0,0,0,25K,0,,0,,,,F1,1,300,,,,,0,,,0,,,38.62,-95.27,,
Tornado,C,99,LABETTE,,07-AUG-54 17:30:00,CST,07-AUG-54 17:30:00,0,0,0,0,0K,0,,0,,,,,1.9,400,,,,,0,,,0,,,37.22,-95.22,37.25,-95.23
Tornado,C,115,MARION,,08-AUG-54 18:30:00,CST,08-AUG-54 18:30:00,0,0,0,0,2.5K,0,,0,,,,,10.8,50,,,,,0,,,0,,,38.20,-96.97,38.20,-96.77
Tornado,C,89,JEWELL,,22-AUG-54 16:00:00,CST,22-AUG-54 16:00:00,0,0,0,0,0K,0,,0,,,,F0,2,800,,,,,0,,,0,,,39.67,-98.15,,
Tornado,C,169,SALINE,,23-AUG-54 17:45:00,CST,23-AUG-54 17:45:00,0,0,0,0,0K,0,,0,,,,F1,0,33,,,,,0,,,0,,,38.95,-97.75,,
Tornado,C,113,MCPHERSON,,29-AUG-54 14:00:00,CST,29-AUG-54 14:00:00,0,0,0,0,0K,0,,0,,,,,0,33,,,,,0,,,0,,,38.37,-97.67,,
Tornado,C,173,SEDGWICK,,09-SEP-54 02:00:00,CST,09-SEP-54 02:00:00,0,0,0,0,0K,0,,0,,,,F2,0,33,,,,,0,,,0,,,37.82,-97.47,,
Tornado,C,173,SEDGWICK,,04-OCT-54 18:00:00,CST,04-OCT-54 18:00:00,0,0,0,0,25K,0,,0,,,,F2,0,33,,,,,0,,,0,,,37.68,-97.33,,
Tornado,C,51,ELLIS,,11-OCT-54 03:00:00,CST,11-OCT-54 03:00:00,0,0,0,0,25K,0,,0,,,,F3,8.6,33,,,,,0,,,0,,,38.93,-99.22,38.93,-99.05
Tornado,C,27,CUSTER,,13-FEB-54 10:30:00,CST,13-FEB-54 10:30:00,0,0,0,0,2.5K,0,,0,,,,F1,.5,17,,,,,0,,,0,,,38.13,-105.47,,
Tornado,C,121,WASHINGTON,,31-MAR-54 14:00:00,CST,31-MAR-54 14:00:00,0,0,0,0,2.5K,0,,0,,,,,0,33,,,,,0,,,0,,,40.12,-102.72,,
Tornado,C,125,YUMA,,31-MAR-54 14:00:00,CST,31-MAR-54 14:00:00,0,0,0,0,.25K,0,,0,,,,,0,33,,,,,0,,,0,,,40.15,-102.97,,
Tornado,C,71,LAS ANIMAS,,16-MAY-54 18:00:00,CST,16-MAY-54 18:00:00,0,0,0,0,0K,0,,0,,,,,0,33,,,,,0,,,0,,,37.03,-104.10,,
Tornado,C,35,DOUGLAS,,06-JUN-54 14:30:00,CST,06-JUN-54 14:30:00,0,0,0,0,.25K,0,,0,,,,F1,.1,17,,,,,0,,,0,,,39.52,-104.82,,
Tornado,C,123,WELD,,19-JUN-54 18:00:00,CST,19-JUN-54 18:00:00,0,0,0,0,.25K,0,,0,,,,,.1,17,,,,,0,,,0,,,40.87,-104.40,,
Tornado,C,1,ADAMS,,28-JUL-54 16:00:00,CST,28-JUL-54 16:00:00,0,0,0,0,2.5K,0,,0,,,,F1,0,33,,,,,0,,,0,,,39.82,-104.10,,
Tornado,C,69,LARIMER,,07-AUG-54 16:00:00,CST,07-AUG-54 16:00:00,0,0,0,0,2.5K,0,,0,,,,,2,33,,,,,0,,,0,,,40.80,-105.75,,
Tornado,C,111,NEWTON,,28-MAY-54 12:00:00,CST,28-MAY-54 12:00:00,0,0,0,0,0K,0,,0,,,,F0,0,33,,,,,0,,,0,,,40.92,-87.40,,
Tornado,C,97,MARION,,31-MAY-54 14:00:00,CST,31-MAY-54 14:00:00,0,0,0,0,.25K,0,,0,,,,F1,0,33,,,,,0,,,0,,,39.78,-86.15,,
Tornado,C,111,NEWTON,,31-MAY-54 16:00:00,CST,31-MAY-54 16:00:00,1,0,0,0,25K,0,,0,,,,F1,0,33,,,,,0,,,0,,,40.77,-87.45,,
Tornado,C,103,MIAMI,,31-MAY-54 18:30:00,CST,31-MAY-54 18:30:00,0,0,0,0,2.5K,0,,0,,,,F2,0,33,,,,,0,,,0,,,40.87,-86.03,,
Tornado,C,7,BENTON,,01-JUN-54 02:00:00,CST,01-JUN-54 02:00:00,0,0,0,0,2.5K,0,,0,,,,F2,0,33,,,,,0,,,0,,,40.70,-87.27,,
Tornado,C,89,LAKE,,01-JUN-54 02:00:00,CST,01-JUN-54 02:00:00,0,0,0,0,25K,0,,0,,,,F2,0,33,,,,,0,,,0,,,41.25,-87.48,,
Tornado,C,131,PULASKI,,01-JUN-54 02:30:00,CST,01-JUN-54 02:30:00,0,0,0,0,.25K,0,,0,,,,F1,0,33,,,,,0,,,0,,,41.05,-86.58,,
Tornado,C,129,ROGER MILLS,,29-APR-54 15:00:00,CST,29-APR-54 15:00:00,0,0,0,0,25K,0,,0,,,,F2,33.3,33,,,,,0,,,0,,,35.80,-99.75,36.12,-99.30
Tornado,C,3,ALFALFA,,29-APR-54 15:30:00,CST,29-APR-54 15:30:00,0,0,0,0,2.5K,0,,0,,,,F1,.8,100,,,,,0,,,0,,,36.67,-98.30,,
Tornado,C,43,DEWEY,,29-APR-54 17:30:00,CST,29-APR-54 17:30:00,0,0,0,0,.03K,0,,0,,,,F1,0,33,,,,,0,,,0,,,36.10,-99.20,,
Tornado,C,81,JOHNSON,,11-OCT-54 14:15:00,CST,11-OCT-54 14:15:00,0,0,2,0,250K,0,,0,,,,F3,4.7,100,,,,,0,,,0,,,39.45,-86.12,39.50,-86.05
Tornado,C,11,BINGHAM,,09-JUN-54 13:10:00,CST,09-JUN-54 13:10:00,0,0,0,0,.03K,0,,0,,,,,0,33,,,,,0,,,0,,,43.50,-112.73,,
Tornado,C,81,TETON,,09-JUN-54 16:00:00,CST,09-JUN-54 16:00:00,0,0,0,0,.03K,0,,0,,,,,.3,33,,,,,0,,,0,,,43.87,-111.20,,
Tornado,C,163,SCOTT,,26-APR-54 19:30:00,CST,26-APR-54 19:30:00,0,0,0,0,2.5K,0,,0,,,,F1,0,33,,,,,0,,,0,,,41.75,-90.88,,
Tornado,C,111,LEE,,30-APR-54 15:15:00,CST,30-APR-54 15:15:00,1,0,0,0,250K,0,,0,,,,F2,9.9,200,,,,,0,,,0,,,40.67,-91.50,40.80,-91.42
Tornado,C,57,DES MOINES,,30-APR-54 15:45:00,CST,30-APR-54 15:45:00,0,0,0,0,25K,0,,0,,,,F2,75.3,200,,,,,0,,,0,,,40.80,-91.42,41.83,-90.95
Tornado,C,95,IOWA,,30-APR-54 19:00:00,CST,30-APR-54 19:00:00,0,0,0,0,0K,0,,0,,,,F2,65.8,200,,,,,0,,,0,,,41.67,-92.00,42.47,-91.30
Tornado,C,113,LINN,,30-APR-54 19:00:00,CST,30-APR-54 19:00:00,0,0,0,0,0K,0,,0,,,,F4,80.4,200,,,,,0,,,0,,,42.10,-91.75,43.18,-91.17
Tornado,C,105,JONES,,30-APR-54 19:05:00,CST,30-APR-54 19:05:00,0,0,0,0,0K,0,,0,,,,F2,16.6,50,,,,,0,,,0,,,42.22,-91.20,42.45,-91.10
Tornado,C,99,MARSHALL,,01-JUN-54 03:00:00,CST,01-JUN-54 03:00:00,0,0,0,0,2.5K,0,,0,,,,F2,0,33,,,,,0,,,0,,,41.23,-86.23,,
Tornado,C,73,GREENE,,05-APR-54 17:10:00,CST,05-APR-54 17:10:00,1,0,0,0,250K,0,,0,,,,F2,5.1,880,,,,,0,,,0,,,42.03,-94.53,42.10,-94.47
Tornado,C,145,PAGE,,05-APR-54 17:20:00,CST,05-APR-54 17:20:00,2,0,0,0,25K,0,,0,,,,F4,3.3,700,,,,,0,,,0,,,40.58,-95.32,40.62,-95.27
Tornado,C,131,MITCHELL,,23-MAY-54 18:00:00,CST,23-MAY-54 18:00:00,0,0,0,0,0K,0,,0,,,,F2,0,50,,,,,0,,,0,,,43.28,-92.80,,
Tornado,C,245,RICHMOND,,17-AUG-54 14:30:00,CST,17-AUG-54 14:30:00,0,0,0,0,25K,0,,0,,,,F1,1,33,,,,,0,,,0,,,33.47,-82.00,,
Tornado,C,1,APPLING,,17-AUG-54 16:00:00,CST,17-AUG-54 16:00:00,0,0,0,0,2.5K,0,,0,,,,F1,.5,17,,,,,0,,,0,,,31.77,-82.35,,
Tornado,C,145,HARRIS,,05-DEC-54 12:30:00,CST,05-DEC-54 12:30:00,1,0,0,0,250K,0,,0,,,,F3,24.8,200,,,,,0,,,0,,,32.67,-85.08,32.87,-84.72
Tornado,C,199,MERIWETHER,,05-DEC-54 13:15:00,CST,05-DEC-54 13:15:00,2,0,0,0,250K,0,,0,,,,F3,6.8,100,,,,,0,,,0,,,32.87,-84.72,32.87,-84.60
Tornado,C,73,LAWRENCE,,10-JUN-54 22:20:00,CST,10-JUN-54 22:20:00,2,0,0,0,25K,0,,0,,,,F2,0,33,,,,,0,,,0,,,40.85,-80.18,40.88,-80.17
Tornado,C,321,MATAGORDA,,15-APR-54 17:57:00,CST,15-APR-54 17:57:00,0,0,0,0,25K,0,,0,,,,F1,1,33,,,,,0,,,0,,,28.95,-96.08,,
Tornado,C,371,PECOS,,21-APR-54 14:20:00,CST,21-APR-54 14:20:00,0,0,0,0,2.5K,0,,0,,,,F2,1,880,,,,,0,,,0,,,31.03,-102.88,,
Tornado,C,33,BORDEN,,21-APR-54 19:42:00,CST,21-APR-54 19:42:00,0,0,0,0,0K,0,,0,,,,,0,33,,,,,0,,,0,,,32.77,-101.43,,
Tornado,C,115,DAWSON,,21-APR-54 20:00:00,CST,21-APR-54 20:00:00,0,0,0,0,0K,0,,0,,,,F0,2,33,,,,,0,,,0,,,32.57,-101.97,,
Tornado,C,185,GRIMES,,11-MAY-54 20:00:00,CST,11-MAY-54 20:00:00,0,0,0,0,0K,0,,0,,,,F1,0,33,,,,,0,,,0,,,30.38,-96.10,,
Tornado,C,285,LAVACA,,11-MAY-54 21:00:00,CST,11-MAY-54 21:00:00,0,0,0,0,0K,0,,0,,,,F1,1,17,,,,,0,,,0,,,29.28,-96.88,,
Tornado,C,71,CHAMBERS,,12-MAY-54 01:20:00,CST,12-MAY-54 01:20:00,0,0,0,0,0K,0,,0,,,,F1,0,33,,,,,0,,,0,,,29.87,-94.62,,
Tornado,C,35,BOSQUE,,18-MAY-54 15:00:00,CST,18-MAY-54 15:00:00,0,0,0,0,0K,0,,0,,,,F1,0,33,,,,,0,,,0,,,31.63,-97.60,,
Tornado,C,21,BASTROP,,19-MAY-54 13:25:00,CST,19-MAY-54 13:25:00,0,0,0,0,2.5K,0,,0,,,,,0,33,,,,,0,,,0,,,30.35,-97.37,,
Tornado,C,211,HEMPHILL,,22-MAY-54 21:00:00,CST,22-MAY-54 21:00:00,0,0,0,0,0K,0,,0,,,,F1,0,33,,,,,0,,,0,,,35.80,-100.12,,
Tornado,C,253,JONES,,26-MAY-54 15:00:00,CST,26-MAY-54 15:00:00,0,0,0,0,0K,0,,0,,,,F0,1,33,,,,,0,,,0,,,32.75,-99.90,,
Tornado,C,93,COMANCHE,,27-MAY-54 01:20:00,CST,27-MAY-54 01:20:00,0,0,0,0,0K,0,,0,,,,F0,1.1,33,,,,,0,,,0,,,32.20,-98.53,32.22,-98.53
Tornado,C,167,SANGAMON,,12-MAR-54 18:00:00,CST,12-MAR-54 18:00:00,0,0,0,0,250K,0,,0,,,,F1,19.7,33,,,,,0,,,0,,,39.88,-89.92,39.98,-89.57
Tornado,C,107,LOGAN,,12-MAR-54 18:40:00,CST,12-MAR-54 18:40:00,3,0,0,0,250K,0,,0,,,,F1,18.9,33,,,,,0,,,0,,,39.98,-89.57,40.18,-89.32
Tornado,C,105,LIVINGSTON,,07-APR-54 15:00:00,CST,07-APR-54 15:00:00,0,0,0,0,250K,0,,0,,,,F3,13,400,,,,,0,,,0,,,40.88,-88.42,41.00,-88.22
Tornado,C,195,MADISON,,31-MAR-54 15:15:00,CST,31-MAR-54 15:15:00,5,0,0,0,250K,0,,0,,,,F2,9.8,200,,,,,0,,,0,,,34.12,-83.23,34.15,-83.07
Tornado,C,105,ELBERT,,31-MAR-54 15:25:00,CST,31-MAR-54 15:25:00,20,0,0,0,250K,0,,0,,,,F2,7.7,200,,,,,0,,,0,,,34.15,-83.07,34.17,-82.93
Tornado,C,85,DAWSON,,08-APR-54 12:00:00,CST,08-APR-54 12:00:00,0,0,0,0,25K,0,,0,,,,F1,4.7,200,,,,,0,,,0,,,34.37,-84.20,34.37,-84.12
Tornado,C,225,PEACH,,16-APR-54 12:30:00,CST,16-APR-54 12:30:00,0,0,0,0,2.5K,0,,0,,,,F1,1.5,10,,,,,0,,,0,,,32.55,-83.88,,
Tornado,C,91,DODGE,,16-APR-54 13:00:00,CST,16-APR-54 13:00:00,0,0,0,0,2.5K,0,,0,,,,F1,2,33,,,,,0,,,0,,,32.20,-83.20,,
Tornado,C,317,WILKES,,03-JUN-54 14:00:00,CST,03-JUN-54 14:00:00,2,0,0,0,25K,0,,0,,,,F1,2,33,,,,,0,,,0,,,33.87,-82.72,,
Tornado,C,119,FRANKLIN,,04-JUL-54 14:00:00,CST,04-JUL-54 14:00:00,0,0,0,0,2.5K,0,,0,,,,F1,.1,800,,,,,0,,,0,,,34.43,-83.12,,
Tornado,C,95,DOUGHERTY,,24-JUL-54 20:00:00,CST,24-JUL-54 20:00:00,0,0,0,0,2.5K,0,,0,,,,F0,.3,33,,,,,0,,,0,,,31.58,-84.17,,
Tornado,C,207,MONROE,,16-AUG-54 21:30:00,CST,16-AUG-54 21:30:00,0,0,0,0,25K,0,,0,,,,F1,1,17,,,,,0,,,0,,,32.87,-84.08,,
Tornado,C,23,BUTTE,,28-APR-54 13:20:00,CST,28-APR-54 13:20:00,0,0,0,0,.03K,0,,0,,,,,0,33,,,,,0,,,0,,,43.50,-112.72,,
Tornado,C,19,BUCHANAN,,30-APR-54 19:30:00,CST,30-APR-54 19:30:00,0,0,0,0,0K,0,,0,,,,F2,1,200,,,,,0,,,0,,,42.63,-91.63,,
Tornado,C,113,SULLIVAN,,19-SEP-54 17:00:00,CST,19-SEP-54 17:00:00,0,0,0,0,25K,0,,0,,,,F2,12.8,50,,,,,0,,,0,,,41.52,-76.67,41.48,-76.42
Tornado,C,15,BRADFORD,,19-SEP-54 17:34:00,CST,19-SEP-54 17:34:00,0,0,0,0,2.5K,0,,0,,,,F2,1,50,,,,,0,,,0,,,41.83,-76.18,,
Tornado,C,107,SCHUYLKILL,,19-SEP-54 19:00:00,CST,19-SEP-54 19:00:00,0,0,0,0,2.5K,0,,0,,,,F0,0,33,,,,,0,,,0,,,40.77,-76.32,,
Tornado,C,85,MERCER,,30-SEP-54 21:15:00,CST,30-SEP-54 21:15:00,0,0,0,0,25K,0,,0,,,,F2,0,33,,,,,0,,,0,,,41.25,-80.47,,
Tornado,C,63,HENDRICKS,,20-JUL-54 21:00:00,CST,20-JUL-54 21:00:00,0,0,0,0,25K,0,,0,,,,F2,0,33,,,,,0,,,0,,,39.72,-86.40,,
Tornado,C,67,WASHINGTON,,22-OCT-54 17:35:00,CST,22-OCT-54 17:35:00,0,0,0,0,0K,0,,0,,,,F0,.5,17,,,,,0,,,0,,,45.53,-123.93,,
Tornado,C,181,WHITE,,01-JUN-54 03:30:00,CST,01-JUN-54 03:30:00,0,0,0,0,2.5K,0,,0,,,,F1,0,33,,,,,0,,,0,,,40.85,-86.88,,
Tornado,C,39,ELKHART,,01-JUN-54 06:00:00,CST,01-JUN-54 06:00:00,1,0,0,0,2.5K,0,,0,,,,F1,0,33,,,,,0,,,0,,,41.60,-85.82,,
Tornado,C,97,MARION,,13-JUN-54 17:00:00,EST,13-JUN-54 17:00:00,0,0,0,0,2.5K,0,,0,,,,F1,0,33,,,,,0,,,0,,,39.78,-86.13,,
Tornado,C,73,JASPER,,14-JUN-54 17:00:00,CST,14-JUN-54 17:00:00,0,0,0,0,.25K,0,,0,,,,,0,33,,,,,0,,,0,,,40.85,-87.15,,
Tornado,C,35,DELAWARE,,17-JUN-54 15:00:00,CST,17-JUN-54 15:00:00,0,0,0,0,0K,0,,0,,,,F2,0,33,,,,,0,,,0,,,40.18,-85.37,,
Tornado,C,73,JASPER,,19-JUN-54 18:30:00,CST,19-JUN-54 18:30:00,0,0,0,0,0K,0,,0,,,,F0,0,33,,,,,0,,,0,,,41.10,-87.15,,
Tornado,C,183,WHITLEY,,21-JUN-54 15:00:00,CST,21-JUN-54 15:00:00,0,0,0,0,2.5K,0,,0,,,,F1,0,33,,,,,0,,,0,,,41.17,-85.48,,
Tornado,C,109,MORGAN,,26-JUN-54 20:00:00,CST,26-JUN-54 20:00:00,0,0,0,0,2.5K,0,,0,,,,F2,0,33,,,,,0,,,0,,,39.52,-86.63,,
Tornado,C,125,PIKE,,01-JUL-54 17:00:00,CST,01-JUL-54 17:00:00,0,0,0,0,2.5K,0,,0,,,,F1,0,33,,,,,0,,,0,,,38.48,-87.35,,
Tornado,C,175,SEWARD,,26-OCT-54 00:05:00,CST,26-OCT-54 00:05:00,0,0,0,0,2.5K,0,,0,,,,,0,100,,,,,0,,,0,,,37.68,-97.32,,
Tornado,C,167,VIGO,,12-MAR-54 23:00:00,CST,12-MAR-54 23:00:00,0,0,0,0,.25K,0,,0,,,,F1,0,33,,,,,0,,,0,,,39.32,-87.37,,
Tornado,C,41,FAYETTE,,19-MAR-54 12:00:00,CST,19-MAR-54 12:00:00,0,0,0,0,25K,0,,0,,,,F2,0,33,,,,,0,,,0,,,39.65,-85.13,,
Tornado,C,23,CLINTON,,19-MAR-54 17:00:00,CST,19-MAR-54 17:00:00,0,0,0,0,2.5K,0,,0,,,,F1,0,33,,,,,0,,,0,,,40.20,-86.33,,
Tornado,C,95,MADISON,,28-MAR-54 16:50:00,CST,28-MAR-54 16:50:00,2,0,0,0,2.5M,0,,0,,,,F2,1.5,53,,,,,0,,,0,,,40.12,-85.68,,
Tornado,C,83,KNOX,,06-APR-54 04:00:00,CST,06-APR-54 04:00:00,0,0,0,0,2.5K,0,,0,,,,F1,0,27,,,,,0,,,0,,,38.67,-87.28,,
Tornado,C,125,PIKE,,06-APR-54 05:00:00,CST,06-APR-54 05:00:00,0,0,0,0,2.5K,0,,0,,,,F1,1,33,,,,,0,,,0,,,38.50,-87.28,,
Tornado,C,37,DUBOIS,,06-APR-54 07:00:00,CST,06-APR-54 07:00:00,0,0,0,0,25K,0,,0,,,,F2,3.3,33,,,,,0,,,0,,,38.23,-86.85,38.27,-86.80
Tornado,C,125,PIKE,,06-APR-54 15:00:00,EST,06-APR-54 15:00:00,0,0,0,0,2.5K,0,,0,,,,F1,0,33,,,,,0,,,0,,,38.50,-87.28,,
Tornado,C,113,NOBLE,,07-APR-54 17:50:00,CST,07-APR-54 17:50:00,0,0,0,0,25K,0,,0,,,,F1,0,33,,,,,0,,,0,,,41.43,-85.28,,
Tornado,C,113,NOBLE,,07-APR-54 19:00:00,EST,07-APR-54 19:00:00,0,0,0,0,2.5K,0,,0,,,,F0,.5,400,,,,,0,,,0,,,41.38,-85.42,,
Tornado,C,111,NEWTON,,27-MAY-54 12:00:00,CST,27-MAY-54 12:00:00,0,0,0,0,0K,0,,0,,,,F1,0,33,,,,,0,,,0,,,40.92,-87.40,,
Tornado,C,3,ALFALFA,,24-MAR-54 15:15:00,CST,24-MAR-54 15:15:00,0,0,0,0,0K,0,,0,,,,F1,0,880,,,,,0,,,0,,,36.53,-98.17,,
Tornado,C,15,CADDO,,24-MAR-54 15:30:00,CST,24-MAR-54 15:30:00,0,0,0,0,25K,0,,0,,,,F2,4.3,77,,,,,0,,,0,,,35.18,-98.55,35.23,-98.52
Tornado,C,71,KAY,,24-MAR-54 19:05:00,CST,24-MAR-54 19:05:00,0,0,0,0,25K,0,,0,,,,F2,2.7,200,,,,,0,,,0,,,36.93,-97.10,36.97,-97.07
Tornado,C,37,CREEK,,24-MAR-54 21:15:00,CST,24-MAR-54 21:15:00,0,0,0,0,2.5K,0,,0,,,,F1,3.6,200,,,,,0,,,0,,,36.00,-96.12,36.05,-96.10
Tornado,C,101,MUSKOGEE,,24-MAR-54 21:25:00,CST,24-MAR-54 21:25:00,0,0,0,0,250K,0,,0,,,,F2,1,33,,,,,0,,,0,,,35.82,-95.68,,
Tornado,C,97,MAYES,,24-MAR-54 22:18:00,CST,24-MAR-54 22:18:00,0,0,0,0,25K,0,,0,,,,F2,5.6,50,,,,,0,,,0,,,36.45,-95.15,36.50,-95.07
Tornado,C,39,CUSTER,,26-APR-54 15:30:00,CST,26-APR-54 15:30:00,0,0,0,0,.03K,0,,0,,,,F1,0,33,,,,,0,,,0,,,35.47,-99.00,,
Tornado,C,15,CADDO,,26-APR-54 18:00:00,CST,26-APR-54 18:00:00,0,0,0,0,0K,0,,0,,,,F0,1,50,,,,,0,,,0,,,35.10,-98.55,,
Tornado,C,49,GARVIN,,27-APR-54 02:00:00,CST,27-APR-54 02:00:00,0,0,0,0,25K,0,,0,,,,F1,0,33,,,,,0,,,0,,,34.73,-97.40,,
Tornado,C,117,ORANGE,,01-AUG-54 12:00:00,CST,01-AUG-54 12:00:00,0,0,0,0,2.5K,0,,0,,,,F2,0,33,,,,,0,,,0,,,38.55,-86.47,,
Tornado,C,111,LYON,,11-JUN-54 20:00:00,CST,11-JUN-54 20:00:00,0,0,0,0,0K,0,,0,,,,,0,33,,,,,0,,,0,,,38.62,-96.32,,
Tornado,C,145,PAWNEE,,12-JUN-54 20:33:00,CST,12-JUN-54 20:33:00,0,0,0,0,0K,0,,0,,,,,0,33,,,,,0,,,0,,,38.22,-99.08,,
Tornado,C,7,BARBER,,14-JUN-54 13:30:00,CST,14-JUN-54 13:30:00,0,0,0,0,.25K,0,,0,,,,F0,2,440,,,,,0,,,0,,,37.25,-98.55,,
Tornado,C,167,RUSSELL,,14-JUN-54 14:45:00,CST,14-JUN-54 14:45:00,0,0,0,0,2.5K,0,,0,,,,F0,5.4,880,,,,,0,,,0,,,38.87,-98.58,38.90,-98.48
Tornado,C,77,HARPER,,14-JUN-54 19:00:00,CST,14-JUN-54 19:00:00,0,0,0,0,2.5K,0,,0,,,,F0,4.5,33,,,,,0,,,0,,,37.13,-97.98,37.18,-97.93
Tornado,C,53,ELLSWORTH,,15-JUN-54 12:30:00,CST,15-JUN-54 12:30:00,0,0,0,0,0K,0,,0,,,,,0,33,,,,,0,,,0,,,38.57,-98.47,,
Tornado,C,53,ELLSWORTH,,15-JUN-54 12:30:00,CST,15-JUN-54 12:30:00,0,0,0,0,0K,0,,0,,,,,0,33,,,,,0,,,0,,,38.72,-98.23,,
Tornado,C,29,CLOUD,,21-JUN-54 16:15:00,CST,21-JUN-54 16:15:00,0,0,0,0,0K,0,,0,,,,F1,3,33,,,,,0,,,0,,,39.37,-97.75,39.37,-97.68
Tornado,C,99,EARLY,,05-DEC-54 13:30:00,CST,05-DEC-54 13:30:00,2,0,0,0,25K,0,,0,,,,F2,6.4,250,,,,,0,,,0,,,31.38,-84.93,31.42,-84.83
Tornado,C,239,QUITMAN,,05-DEC-54 14:30:00,CST,05-DEC-54 14:30:00,0,0,0,0,250K,0,,0,,,,F2,8.2,100,,,,,0,,,0,,,31.93,-85.08,31.97,-84.95
Tornado,C,307,WEBSTER,,05-DEC-54 14:30:00,CST,05-DEC-54 14:30:00,8,0,0,0,250K,0,,0,,,,F2,6.2,100,,,,,0,,,0,,,32.15,-84.65,32.17,-84.55
Tornado,C,249,SCHLEY,,05-DEC-54 14:30:00,CST,05-DEC-54 14:30:00,4,0,0,0,250K,0,,0,,,,F2,4.9,100,,,,,0,,,0,,,32.18,-84.42,32.18,-84.33
Tornado,C,259,STEWART,,05-DEC-54 14:40:00,CST,05-DEC-54 14:40:00,20,0,1,0,250K,0,,0,,,,F2,21.6,100,,,,,0,,,0,,,31.97,-84.95,32.15,-84.65
Tornado,C,97,DOUGLAS,,05-DEC-54 15:00:00,CST,05-DEC-54 15:00:00,0,0,0,0,2.5K,0,,0,,,,F1,.2,100,,,,,0,,,0,,,33.70,-84.75,,
Tornado,C,197,MARION,,05-DEC-54 15:00:00,CST,05-DEC-54 15:00:00,7,0,0,0,25K,0,,0,,,,F2,7.4,150,,,,,0,,,0,,,32.30,-84.58,32.33,-84.47
Tornado,C,15,BARTOW,,05-DEC-54 15:00:00,CST,05-DEC-54 15:00:00,0,0,0,0,25K,0,,0,,,,F2,7.1,500,,,,,0,,,0,,,34.08,-85.00,34.12,-84.88
Tornado,C,31,DE SOTO,,16-AUG-54 16:45:00,CST,16-AUG-54 16:45:00,0,0,0,0,25K,0,,0,,,,F2,4.5,100,,,,,0,,,0,,,32.08,-93.83,32.12,-93.78
Tornado,C,123,WEST CARROLL,,23-AUG-54 18:00:00,CST,23-AUG-54 18:00:00,0,0,0,0,25K,0,,0,,,,F1,1,33,,,,,0,,,0,,,32.83,-91.40,,
Tornado,C,69,NATCHITOCHES,,29-AUG-54 14:30:00,CST,29-AUG-54 14:30:00,0,0,0,0,25K,0,,0,,,,F0,1,67,,,,,0,,,0,,,31.75,-93.08,,
Tornado,C,47,IBERVILLE,,29-AUG-54 15:15:00,CST,29-AUG-54 15:15:00,0,0,0,0,25K,0,,0,,,,F1,1,33,,,,,0,,,0,,,30.13,-91.17,,
Tornado,C,133,EASTLAND,,19-FEB-54 05:20:00,CST,19-FEB-54 05:20:00,2,0,0,0,25K,0,,0,,,,F2,3,17,,,,,0,,,0,,,32.22,-98.68,32.25,-98.65
Tornado,C,499,WOOD,,19-FEB-54 09:30:00,CST,19-FEB-54 09:30:00,0,0,0,0,2.5K,0,,0,,,,F1,2.7,17,,,,,0,,,0,,,32.95,-95.28,32.98,-95.27
Tornado,C,339,MONTGOMERY,,19-FEB-54 13:30:00,CST,19-FEB-54 13:30:00,7,0,0,0,250K,0,,0,,,,F2,9.5,150,,,,,0,,,0,,,30.32,-95.45,30.45,-95.42
Tornado,C,85,COLLIN,,24-MAR-54 21:30:00,CST,24-MAR-54 21:30:00,4,0,0,0,25K,0,,0,,,,F1,4.9,67,,,,,0,,,0,,,33.15,-96.82,33.15,-96.73
Tornado,C,301,LOVING,,11-APR-54 16:41:00,CST,11-APR-54 16:41:00,0,0,0,0,0K,0,,0,,,,F0,0,33,,,,,0,,,0,,,31.93,-103.73,,
Tornado,C,149,FAYETTE,,14-APR-54 15:00:00,CST,14-APR-54 15:00:00,0,0,0,0,0K,0,,0,,,,F1,2,17,,,,,0,,,0,,,29.68,-96.92,,
Tornado,C,351,NEWTON,,15-APR-54 09:00:00,CST,15-APR-54 09:00:00,0,0,0,0,2.5K,0,,0,,,,F2,1.3,200,,,,,0,,,0,,,30.67,-93.85,30.67,-93.83
Tornado,C,201,HARRIS,,15-APR-54 12:00:00,CST,15-APR-54 12:00:00,0,0,0,0,0K,0,,0,,,,F1,3.3,167,,,,,0,,,0,,,29.85,-95.55,29.85,-95.50
Tornado,C,29,BEXAR,,15-APR-54 15:00:00,CST,15-APR-54 15:00:00,0,0,0,0,0K,0,,0,,,,F1,0,33,,,,,0,,,0,,,29.25,-98.33,,
Tornado,C,21,CHEROKEE,,16-FEB-54 19:02:00,CST,16-FEB-54 19:02:00,0,0,0,0,2.5K,0,,0,,,,F1,1,33,,,,,0,,,0,,,35.07,-81.65,,
Tornado,C,117,LIVINGSTON,,02-JUN-54 17:30:00,CST,02-JUN-54 17:30:00,0,0,0,0,25K,0,,0,,,,F1,9.9,150,,,,,0,,,0,,,39.75,-93.50,39.87,-93.38
Tornado,C,49,MARION,,14-JUL-54 20:00:00,CST,14-JUL-54 20:00:00,0,0,0,0,0K,0,,0,,,,F1,0,33,,,,,0,,,0,,,39.48,-80.03,,
Tornado,C,93,TUCKER,,16-AUG-54 16:00:00,CST,16-AUG-54 16:00:00,0,0,0,0,0K,0,,0,,,,F0,0,33,,,,,0,,,0,,,39.08,-79.68,,
Tornado,C,3,BERKELEY,,16-AUG-54 17:00:00,CST,16-AUG-54 17:00:00,0,0,0,0,0K,0,,0,,,,F1,0,33,,,,,0,,,0,,,39.53,-77.88,,
Tornado,C,51,FAYETTE,,21-JUL-54 18:45:00,CST,21-JUL-54 18:45:00,1,0,0,0,250K,0,,0,,,,F2,26.1,200,,,,,0,,,0,,,38.87,-89.22,39.17,-88.92
Tornado,C,99,EARLY,,05-DEC-54 16:30:00,CST,05-DEC-54 16:30:00,0,0,0,0,25K,0,,0,,,,F2,2.7,100,,,,,0,,,0,,,31.23,-84.93,31.25,-84.90
Tornado,C,31,COFFEE,,16-APR-54 08:00:00,CST,16-APR-54 08:00:00,0,0,0,0,.03K,0,,0,,,,F2,1.3,100,,,,,0,,,0,,,31.32,-85.82,31.33,-85.80
Tornado,C,11,BRADLEY,,10-APR-54 12:30:00,CST,10-APR-54 12:30:00,0,0,0,0,25K,0,,0,,,,F2,13.9,100,,,,,0,,,0,,,33.43,-92.17,33.62,-92.07
Tornado,C,269,TAYLOR,,13-MAR-54 21:30:00,CST,13-MAR-54 21:30:00,0,0,0,0,25K,0,,0,,,,F1,12.6,300,,,,,0,,,0,,,32.57,-84.07,32.63,-83.87
Tornado,C,7,BENTON,,24-MAR-54 22:40:00,CST,24-MAR-54 22:40:00,4,0,0,0,2.5K,0,,0,,,,F3,20.6,400,,,,,0,,,0,,,36.35,-94.28,36.48,-93.95
Tornado,C,63,SPOKANE,,15-JUN-54 15:30:00,CST,15-JUN-54 15:30:00,0,0,0,0,25K,0,,0,,,,F2,.5,100,,,,,0,,,0,,,47.43,-117.38,,
Tornado,C,143,WASHINGTON,,30-APR-54 12:15:00,CST,30-APR-54 12:15:00,0,0,0,0,250K,0,,0,,,,F3,6.9,33,,,,,0,,,0,,,36.00,-94.17,36.03,-94.05
Tornado,C,25,BRUNSWICK,,01-MAR-54 04:10:00,CST,01-MAR-54 04:10:00,0,0,0,0,2.5K,0,,0,,,,F0,0,33,,,,,0,,,0,,,36.83,-77.78,,
Tornado,C,107,LOUDOUN,,03-MAY-54 17:00:00,CST,03-MAY-54 17:00:00,0,0,0,0,2.5K,0,,0,,,,F0,2.3,33,,,,,0,,,0,,,39.28,-77.63,39.32,-77.63
Tornado,C,83,HALIFAX,,15-AUG-54 13:30:00,CST,15-AUG-54 13:30:00,0,0,0,0,2.5K,0,,0,,,,F0,0,33,,,,,0,,,0,,,36.62,-79.03,,
Tornado,C,133,WAUKESHA,,07-APR-54 13:15:00,CST,07-APR-54 13:15:00,0,0,0,0,25K,0,,0,,,,F1,0,33,,,,,0,,,0,,,43.10,-88.52,43.12,-88.48
Tornado,C,1,ADAMS,,25-APR-54 13:00:00,CST,25-APR-54 13:00:00,0,0,0,0,.25K,0,,0,,,,,.1,17,,,,,0,,,0,,,39.98,-104.82,,
Tornado,C,61,FAUQUIER,,07-SEP-54 13:15:00,CST,07-SEP-54 13:15:00,0,0,0,0,25K,0,,0,,,,F1,3.8,33,,,,,0,,,0,,,38.88,-77.92,38.88,-77.83
Tornado,C,141,ST. JOSEPH,,12-JUN-54 12:00:00,CST,12-JUN-54 12:00:00,0,0,0,0,2.5K,0,,0,,,,F2,0,33,,,,,0,,,0,,,41.57,-86.18,,
Tornado,C,133,SEMINOLE,,01-MAY-54 18:15:00,CST,01-MAY-54 18:15:00,0,0,0,0,25K,0,,0,,,,F2,19.7,100,,,,,0,,,0,,,35.15,-96.68,35.38,-96.48
Tornado,C,41,BRAZOS,,30-APR-54 07:30:00,CST,30-APR-54 07:30:00,0,0,0,0,0K,0,,0,,,,F2,1.9,67,,,,,0,,,0,,,30.63,-96.33,30.65,-96.32
Tornado,C,93,PIERCE,,30-JUL-54 19:00:00,CST,30-JUL-54 19:00:00,0,0,0,0,0K,0,,0,,,,F2,18.1,100,,,,,0,,,0,,,43.32,-89.43,43.48,-89.15
Tornado,C,15,GOSHEN,,22-MAY-54 23:30:00,CST,22-MAY-54 23:30:00,0,0,0,0,2.5K,0,,0,,,,F1,.2,7,,,,,0,,,0,,,42.45,-104.35,,
Tornado,C,15,GOSHEN,,21-JUL-54 16:25:00,CST,21-JUL-54 16:25:00,0,0,0,0,25K,0,,0,,,,F1,.1,7,,,,,0,,,0,,,42.10,-104.18,,
Tornado,C,49,IOWA,,07-APR-54 05:45:00,CST,07-APR-54 05:45:00,4,0,0,0,25K,0,,0,,,,F2,6.4,400,,,,,0,,,0,,,43.13,-90.38,43.17,-90.25
Tornado,C,39,FOND DU LAC,,07-APR-54 12:30:00,CST,07-APR-54 12:30:00,0,0,0,0,2.5K,0,,0,,,,F2,1.9,33,,,,,0,,,0,,,43.70,-88.53,43.73,-88.48
Tornado,C,137,WAUSHARA,,15-APR-54 15:00:00,CST,15-APR-54 15:00:00,0,0,0,0,25K,0,,0,,,,F2,5.9,33,,,,,0,,,0,,,43.98,-89.18,44.05,-89.08
Tornado,C,63,LA CROSSE,,26-APR-54 15:25:00,CST,26-APR-54 15:25:00,0,0,0,0,2.5K,0,,0,,,,F1,5.6,33,,,,,0,,,0,,,44.00,-91.25,44.08,-91.20
Tornado,C,43,GRANT,,26-APR-54 16:00:00,CST,26-APR-54 16:00:00,0,0,0,0,2.5K,0,,0,,,,F1,1.3,33,,,,,0,,,0,,,42.83,-90.80,42.87,-90.75
Tornado,C,53,JACKSON,,18-JUN-54 18:30:00,CST,18-JUN-54 18:30:00,0,0,0,0,250K,0,,0,,,,F2,10.2,900,,,,,0,,,0,,,44.38,-91.03,44.33,-90.83
Tornado,C,73,MARATHON,,20-JUN-54 02:30:00,CST,20-JUN-54 02:30:00,0,0,0,0,25K,0,,0,,,,F2,6.1,67,,,,,0,,,0,,,44.88,-89.62,44.80,-89.55
Tornado,C,15,CALUMET,,20-JUN-54 04:00:00,CST,20-JUN-54 04:00:00,0,0,0,0,0K,0,,0,,,,F2,.5,33,,,,,0,,,0,,,43.95,-88.30,,
Tornado,C,93,PIERCE,,29-JUN-54 15:30:00,CST,29-JUN-54 15:30:00,0,0,0,0,2.5K,0,,0,,,,,6.2,33,,,,,0,,,0,,,44.62,-92.37,44.67,-92.25
Tornado,C,21,COLUMBIA,,30-JUL-54 19:15:00,CST,30-JUL-54 19:15:00,0,0,0,0,0K,0,,0,,,,F2,7.1,100,,,,,0,,,0,,,43.32,-89.58,43.32,-89.43
Tornado,C,57,ESSEX,,26-JUN-54 19:00:00,CST,26-JUN-54 19:00:00,0,0,0,0,2.5K,0,,0,,,,,0,33,,,,,0,,,0,,,37.93,-76.87,,
Tornado,C,33,RICH,,25-MAY-54 13:00:00,CST,25-MAY-54 13:00:00,0,0,0,0,25K,0,,0,,,,F1,.5,333,,,,,0,,,0,,,41.82,-111.32,,
Tornado,C,93,KENDALL,,27-MAY-54 18:30:00,CST,27-MAY-54 18:30:00,0,0,0,0,25K,0,,0,,,,F2,7.9,200,,,,,0,,,0,,,41.77,-88.33,41.85,-88.22
Tornado,C,203,WOODFORD,,28-MAY-54 18:15:00,CST,28-MAY-54 18:15:00,0,0,0,0,25K,0,,0,,,,F1,.1,3,,,,,0,,,0,,,40.77,-89.32,,
Tornado,C,113,LINN,,23-MAY-54 20:15:00,CST,23-MAY-54 20:15:00,0,0,0,0,2.5K,0,,0,,,,F2,0,100,,,,,0,,,0,,,42.17,-91.67,,
Tornado,C,149,PLYMOUTH,,27-MAY-54 20:00:00,CST,27-MAY-54 20:00:00,0,0,0,0,25K,0,,0,,,,F2,2.3,200,,,,,0,,,0,,,42.82,-96.08,42.85,-96.03
Tornado,C,25,CALHOUN,,09-JUN-54 22:00:00,CST,09-JUN-54 22:00:00,0,0,1,0,250K,0,,0,,,,F4,9.9,440,,,,,0,,,0,,,42.28,-94.72,42.38,-94.57
Tornado,C,119,LYON,,19-JUN-54 21:00:00,CST,19-JUN-54 21:00:00,0,0,0,0,25K,0,,0,,,,F2,2.3,880,,,,,0,,,0,,,43.28,-96.30,43.25,-96.25
Tornado,C,41,CLAY,,22-AUG-54 15:30:00,CST,22-AUG-54 15:30:00,0,0,0,0,25K,0,,0,,,,F1,2.5,200,,,,,0,,,0,,,43.15,-95.32,,
Tornado,C,401,RUSK,,18-JUL-54 18:40:00,CST,18-JUL-54 18:40:00,0,0,0,0,25K,0,,0,,,,F3,.8,880,,,,,0,,,0,,,32.32,-94.52,,
Tornado,C,185,GRIMES,,26-JUL-54 17:00:00,CST,26-JUL-54 17:00:00,0,0,0,0,0K,0,,0,,,,F1,1,50,,,,,0,,,0,,,30.38,-96.08,,
Tornado,C,3,ANDREWS,,29-MAY-54 17:22:00,CST,29-MAY-54 17:22:00,9,0,0,0,0K,0,,0,,,,F1,9.1,133,,,,,0,,,0,,,32.08,-102.60,32.17,-102.72
Tornado,C,103,CRANE,,29-MAY-54 18:00:00,CST,29-MAY-54 18:00:00,2,0,0,0,0K,0,,0,,,,F2,0,33,,,,,0,,,0,,,31.40,-102.60,,
Tornado,C,371,PECOS,,01-JUN-54 18:00:00,CST,01-JUN-54 18:00:00,0,0,0,0,2.5K,0,,0,,,,F2,8.3,880,,,,,0,,,0,,,30.90,-102.30,30.93,-102.17
Tornado,C,101,COTTLE,,01-JUN-54 19:30:00,CST,01-JUN-54 19:30:00,14,0,1,0,2.5M,0,,0,,,,F3,13.4,267,,,,,0,,,0,,,34.02,-100.30,33.87,-100.15
Tornado,C,275,KNOX,,01-JUN-54 20:30:00,CST,01-JUN-54 20:30:00,0,0,0,0,0K,0,,0,,,,F2,1.9,133,,,,,0,,,0,,,33.63,-99.58,33.65,-99.57
Tornado,C,485,WICHITA,,01-JUN-54 20:55:00,CST,01-JUN-54 20:55:00,4,0,1,0,250K,0,,0,,,,F3,5.9,50,,,,,0,,,0,,,33.95,-98.67,33.95,-98.57
Tornado,C,153,FLOYD,,01-JUN-54 22:00:00,CST,01-JUN-54 22:00:00,3,0,0,0,0K,0,,0,,,,F3,0,33,,,,,0,,,0,,,34.10,-98.57,,
Tornado,C,119,DELTA,,02-JUN-54 17:30:00,CST,02-JUN-54 17:30:00,8,0,1,0,25K,0,,0,,,,F2,5.9,1000,,,,,0,,,0,,,33.40,-95.70,33.45,-95.62
Tornado,C,379,RAINS,,02-JUN-54 18:00:00,CST,02-JUN-54 18:00:00,0,0,0,0,0K,0,,0,,,,F1,2,17,,,,,0,,,0,,,32.75,-95.58,,
Tornado,C,145,FALLS,,02-JUN-54 20:00:00,CST,02-JUN-54 20:00:00,0,0,0,0,0K,0,,0,,,,F1,0,33,,,,,0,,,0,,,31.40,-96.90,,
Tornado,C,43,BREWSTER,,11-JUN-54 20:00:00,CST,11-JUN-54 20:00:00,3,0,0,0,2.5K,0,,0,,,,F0,4.7,100,,,,,0,,,0,,,29.32,-103.58,29.37,-103.53
Tornado,C,233,HUTCHINSON,,13-JUN-54 17:15:00,CST,13-JUN-54 17:15:00,0,0,0,0,0K,0,,0,,,,F0,0,33,,,,,0,,,0,,,35.83,-101.43,,
Tornado,C,389,REEVES,,13-JUN-54 21:00:00,CST,13-JUN-54 21:00:00,1,0,0,0,0K,0,,0,,,,F2,25,133,,,,,0,,,0,,,31.50,-103.50,,
Tornado,C,227,HOWARD,,14-JUN-54 14:00:00,CST,14-JUN-54 14:00:00,0,0,0,0,250K,0,,0,,,,F0,0,33,,,,,0,,,0,,,32.25,-101.47,,
Tornado,C,353,NOLAN,,22-JUN-54 18:00:00,CST,22-JUN-54 18:00:00,0,0,0,0,0K,0,,0,,,,F0,1,23,,,,,0,,,0,,,32.30,-100.40,,
Tornado,C,197,HARDEMAN,,30-JUN-54 15:00:00,CST,30-JUN-54 15:00:00,0,0,0,0,.03K,0,,0,,,,F1,0,33,,,,,0,,,0,,,34.30,-99.75,,
Tornado,C,89,COLORADO,,06-JUL-54 15:40:00,CST,06-JUL-54 15:40:00,0,0,0,0,0K,0,,0,,,,F2,4.5,50,,,,,0,,,0,,,29.70,-96.90,29.72,-96.97
Tornado,C,231,HUNT,,08-JUL-54 16:00:00,CST,08-JUL-54 16:00:00,0,0,0,0,0K,0,,0,,,,,0,33,,,,,0,,,0,,,33.12,-96.15,,
Tornado,C,29,BEXAR,,12-JUL-54 17:50:00,CST,12-JUL-54 17:50:00,0,0,0,0,2.5K,0,,0,,,,F2,1,33,,,,,0,,,0,,,29.58,-98.33,,
Tornado,C,133,NEOSHO,,31-MAY-54 15:30:00,CST,31-MAY-54 15:30:00,0,0,0,0,25K,0,,0,,,,F2,48.6,210,,,,,0,,,0,,,37.50,-95.52,37.83,-94.73
Tornado,C,133,NEOSHO,,31-MAY-54 15:30:00,CST,31-MAY-54 15:30:00,0,0,0,0,25K,0,,0,,,,F2,48.6,210,,,,,0,,,0,,,37.50,-95.52,37.83,-94.73
Tornado,C,91,JOHNSON,,31-MAY-54 16:10:00,CST,31-MAY-54 16:10:00,0,0,0,0,25K,0,,0,,,,F2,2,33,,,,,0,,,0,,,38.88,-94.72,,
Tornado,C,57,FORD,,06-JUN-54 23:03:00,CST,06-JUN-54 23:03:00,0,0,0,0,2.5K,0,,0,,,,F1,.5,33,,,,,0,,,0,,,37.63,-99.73,,
Tornado,C,81,HASKELL,,10-JUN-54 18:00:00,CST,10-JUN-54 18:00:00,0,0,0,0,25K,0,,0,,,,F1,15.8,33,,,,,0,,,0,,,37.48,-100.87,37.65,-100.67
Tornado,C,93,KEARNY,,10-JUN-54 19:00:00,CST,10-JUN-54 19:00:00,0,0,0,0,25K,0,,0,,,,F2,0,33,,,,,0,,,0,,,38.13,-101.27,,
Tornado,C,55,FINNEY,,10-JUN-54 20:00:00,CST,10-JUN-54 20:00:00,0,0,0,0,25K,0,,0,,,,F2,7,150,,,,,0,,,0,,,38.10,-100.30,,
Tornado,C,195,TREGO,,11-JUN-54 19:30:00,CST,11-JUN-54 19:30:00,0,0,0,0,2.5K,0,,0,,,,,0,33,,,,,0,,,0,,,39.07,-100.02,,
Tornado,C,107,PHILLIPS,,27-FEB-54 17:40:00,CST,27-FEB-54 17:40:00,0,0,0,0,2.5K,0,,0,,,,F2,3,400,,,,,0,,,0,,,34.52,-90.68,34.55,-90.65
Tornado,C,13,BROWN,,18-MAR-54 13:15:00,CST,18-MAR-54 13:15:00,0,0,0,0,.25K,0,,0,,,,,2.5,133,,,,,0,,,0,,,39.85,-95.52,,
Tornado,C,139,OSAGE,,18-MAR-54 13:15:00,CST,18-MAR-54 13:15:00,0,0,0,0,2.5K,0,,0,,,,F2,0,33,,,,,0,,,0,,,38.78,-95.55,,
Tornado,C,87,JEFFERSON,,18-MAR-54 13:30:00,CST,18-MAR-54 13:30:00,0,0,0,0,0K,0,,0,,,,F1,0,100,,,,,0,,,0,,,39.27,-95.27,,
Tornado,C,59,FRANKLIN,,24-MAR-54 20:30:00,CST,24-MAR-54 20:30:00,0,0,0,0,2.5K,0,,0,,,,F2,0,33,,,,,0,,,0,,,38.73,-95.05,,
Tornado,C,205,WILSON,,24-MAR-54 21:00:00,CST,24-MAR-54 21:00:00,0,0,0,0,25K,0,,0,,,,F2,22.2,880,,,,,0,,,0,,,37.72,-95.52,37.95,-95.23
Tornado,C,125,MONTGOMERY,,24-MAR-54 21:30:00,CST,24-MAR-54 21:30:00,0,0,0,0,25K,0,,0,,,,F1,2,440,,,,,0,,,0,,,37.20,-95.62,,
Tornado,C,21,CHEROKEE,,24-MAR-54 21:45:00,CST,24-MAR-54 21:45:00,0,0,0,0,0K,0,,0,,,,F1,0,17,,,,,0,,,0,,,37.17,-94.83,,
Tornado,C,61,GEARY,,05-APR-54 18:45:00,CST,05-APR-54 18:45:00,0,0,0,0,0K,0,,0,,,,F2,10.4,33,,,,,0,,,0,,,39.18,-96.92,39.28,-96.77
Tornado,C,85,JACKSON,,05-APR-54 19:30:00,CST,05-APR-54 19:30:00,0,0,0,0,25K,0,,0,,,,F1,3.3,100,,,,,0,,,0,,,39.37,-95.95,39.35,-95.88
Tornado,C,31,COFFEY,,10-APR-54 18:30:00,CST,10-APR-54 18:30:00,0,0,0,0,2.5K,0,,0,,,,F2,0,33,,,,,0,,,0,,,38.33,-95.52,,
Tornado,C,53,ELLSWORTH,,25-APR-54 00:40:00,CST,25-APR-54 00:40:00,0,0,0,0,0K,0,,0,,,,F2,0,33,,,,,0,,,0,,,38.62,-98.42,,
Tornado,C,263,TALBOT,,05-DEC-54 15:10:00,CST,05-DEC-54 15:10:00,6,0,0,0,2.5K,0,,0,,,,F1,4.1,80,,,,,0,,,0,,,32.68,-84.42,32.68,-84.35
Tornado,C,45,CARROLL,,05-DEC-54 15:30:00,CST,05-DEC-54 15:30:00,0,0,0,0,25K,0,,0,,,,F1,4.5,200,,,,,0,,,0,,,33.60,-84.98,33.62,-84.92
Tornado,C,597,STEWART,,05-DEC-54 15:30:00,CST,05-DEC-54 15:30:00,0,0,0,0,250K,0,,0,,,,F2,7.9,100,,,,,0,,,0,,,32.17,-84.55,32.18,-84.42
Tornado,C,259,STEWART,,05-DEC-54 16:00:00,CST,05-DEC-54 16:00:00,0,0,0,0,250K,0,,0,,,,F2,5.2,100,,,,,0,,,0,,,32.18,-84.33,32.25,-84.30
Tornado,C,273,TERRELL,,05-DEC-54 16:10:00,CST,05-DEC-54 16:10:00,0,0,0,0,25K,0,,0,,,,F2,2.7,200,,,,,0,,,0,,,31.83,-84.40,31.85,-84.37
Tornado,C,121,FULTON,,05-DEC-54 17:30:00,CST,05-DEC-54 17:30:00,40,0,1,0,25K,0,,0,,,,F2,.5,50,,,,,0,,,0,,,33.70,-84.43,,
Tornado,C,195,TREGO,,25-APR-54 18:45:00,CST,25-APR-54 18:45:00,0,0,0,0,25K,0,,0,,,,F2,0,33,,,,,0,,,0,,,39.05,-100.10,,
Tornado,C,111,LYON,,26-APR-54 16:20:00,CST,26-APR-54 16:20:00,0,0,0,0,2.5K,0,,0,,,,F2,1,20,,,,,0,,,0,,,38.07,-95.98,,
Tornado,C,173,SEDGWICK,,29-APR-54 19:15:00,CST,29-APR-54 19:15:00,0,0,0,0,0K,0,,0,,,,F0,0,33,,,,,0,,,0,,,37.83,-97.37,,
Tornado,C,125,MONTGOMERY,,29-APR-54 23:00:00,CST,29-APR-54 23:00:00,0,0,0,0,2.5K,0,,0,,,,F0,.8,50,,,,,0,,,0,,,37.30,-95.70,,
Tornado,C,155,RENO,,01-MAY-54 18:05:00,CST,01-MAY-54 18:05:00,0,0,0,0,2.5K,0,,0,,,,F2,.3,300,,,,,0,,,0,,,38.08,-98.00,,
Tornado,C,125,MONTGOMERY,,01-MAY-54 18:30:00,CST,01-MAY-54 18:30:00,0,0,0,0,25K,0,,0,,,,F2,5.6,33,,,,,0,,,0,,,37.22,-95.67,37.30,-95.68
Tornado,C,99,LABETTE,,01-MAY-54 18:30:00,CST,01-MAY-54 18:30:00,0,0,0,0,0K,0,,0,,,,F2,5.1,33,,,,,0,,,0,,,37.13,-95.23,37.18,-95.17
Tornado,C,75,HAMILTON,,26-MAY-54 15:30:00,CST,26-MAY-54 15:30:00,0,0,0,0,250K,0,,0,,,,F2,.5,100,,,,,0,,,0,,,37.98,-101.77,,
Tornado,C,3,ANDERSON,,31-MAY-54 14:50:00,CST,31-MAY-54 14:50:00,0,0,0,0,0K,0,,0,,,,F0,0,33,,,,,0,,,0,,,38.18,-95.38,,
Tornado,C,115,MARION,,18-MAR-54 11:00:00,CST,18-MAR-54 11:00:00,0,0,0,0,0K,0,,0,,,,F0,0,33,,,,,0,,,0,,,38.48,-97.30,,
Tornado,C,41,DICKINSON,,18-MAR-54 11:15:00,CST,18-MAR-54 11:15:00,0,0,0,0,2.5K,0,,0,,,,F1,0,33,,,,,0,,,0,,,38.80,-96.97,,
Tornado,C,61,GEARY,,18-MAR-54 11:35:00,CST,18-MAR-54 11:35:00,0,0,0,0,2.5K,0,,0,,,,F1,2,440,,,,,0,,,0,,,39.03,-96.92,,
Tornado,C,17,CHASE,,18-MAR-54 11:55:00,CST,18-MAR-54 11:55:00,0,0,0,0,0K,0,,0,,,,F1,0,33,,,,,0,,,0,,,38.37,-96.55,,
Tornado,C,161,RILEY,,18-MAR-54 12:00:00,CST,18-MAR-54 12:00:00,0,0,0,0,2.5K,0,,0,,,,F1,.3,33,,,,,0,,,0,,,39.38,-96.77,,
Tornado,C,13,BROWN,,18-MAR-54 12:00:00,CST,18-MAR-54 12:00:00,0,0,0,0,0K,0,,0,,,,F2,0,33,,,,,0,,,0,,,39.67,-95.52,,
Tornado,C,111,LYON,,18-MAR-54 12:15:00,CST,18-MAR-54 12:15:00,0,0,0,0,.25K,0,,0,,,,F1,2,440,,,,,0,,,0,,,38.62,-96.20,,
Tornado,C,197,WABAUNSEE,,18-MAR-54 12:25:00,CST,18-MAR-54 12:25:00,0,0,0,0,2.5K,0,,0,,,,F2,0,33,,,,,0,,,0,,,38.75,-96.12,,
Tornado,C,111,LYON,,18-MAR-54 12:30:00,CST,18-MAR-54 12:30:00,0,0,0,0,.25K,0,,0,,,,F1,0,33,,,,,0,,,0,,,38.68,-95.97,,
Tornado,C,177,SHAWNEE,,18-MAR-54 13:10:00,CST,18-MAR-54 13:10:00,0,0,0,0,2.5K,0,,0,,,,F1,0,33,,,,,0,,,0,,,38.90,-95.70,,
Tornado,C,1,ANDERSON,,31-AUG-54 13:45:00,CST,31-AUG-54 13:45:00,0,0,0,0,25K,0,,0,,,,F1,.5,300,,,,,0,,,0,,,31.63,-95.60,,
Tornado,C,181,GRAYSON,,29-SEP-54 15:00:00,CST,29-SEP-54 15:00:00,0,0,0,0,0K,0,,0,,,,F0,.5,7,,,,,0,,,0,,,33.65,-96.93,,
Tornado,C,181,GRAYSON,,29-SEP-54 15:00:00,CST,29-SEP-54 15:00:00,0,0,0,0,2.5K,0,,0,,,,F0,.5,10,,,,,0,,,0,,,33.65,-96.93,,
Tornado,C,181,GRAYSON,,29-SEP-54 15:00:00,CST,29-SEP-54 15:00:00,0,0,0,0,0K,0,,0,,,,F1,1,17,,,,,0,,,0,,,33.65,-96.93,,
Tornado,C,497,WISE,,29-SEP-54 17:30:00,CST,29-SEP-54 17:30:00,0,0,0,0,2.5K,0,,0,,,,F1,2,17,,,,,0,,,0,,,33.30,-97.78,,
Tornado,C,243,JEFF DAVIS,,01-OCT-54 16:00:00,CST,01-OCT-54 16:00:00,0,0,0,0,.25K,0,,0,,,,,0,33,,,,,0,,,0,,,30.58,-104.52,,
Tornado,C,363,PALO PINTO,,11-OCT-54 18:00:00,CST,11-OCT-54 18:00:00,0,0,0,0,2.5K,0,,0,,,,F1,2,440,,,,,0,,,0,,,32.90,-98.08,,
Tornado,C,125,WEST FELICIANA,,19-FEB-54 21:25:00,CST,19-FEB-54 21:25:00,4,0,1,0,2.5K,0,,0,,,,F2,.5,100,,,,,0,,,0,,,30.90,-91.58,,
Tornado,C,53,JEFFERSON DAVIS,,08-APR-54 15:00:00,CST,08-APR-54 15:00:00,0,0,0,0,.03K,0,,0,,,,F0,1,10,,,,,0,,,0,,,30.23,-92.95,,
Tornado,C,53,JEFFERSON DAVIS,,09-APR-54 16:10:00,CST,09-APR-54 16:10:00,0,0,0,0,.03K,0,,0,,,,F0,22.9,20,,,,,0,,,0,,,30.25,-92.75,30.27,-92.37
Tornado,C,29,CONCORDIA,,28-APR-54 06:10:00,CST,28-APR-54 06:10:00,0,0,0,0,25K,0,,0,,,,F1,.5,50,,,,,0,,,0,,,31.55,-91.50,,
Tornado,C,85,SABINE,,30-APR-54 13:30:00,CST,30-APR-54 13:30:00,6,0,1,0,25K,0,,0,,,,F2,16.7,100,,,,,0,,,0,,,31.50,-93.60,31.58,-93.33
Tornado,C,127,WINN,,30-APR-54 14:30:00,CST,30-APR-54 14:30:00,0,0,0,0,25K,0,,0,,,,F1,.5,33,,,,,0,,,0,,,32.00,-92.45,,
Tornado,C,73,OUACHITA,,30-APR-54 15:30:00,CST,30-APR-54 15:30:00,1,0,0,0,250K,0,,0,,,,F2,1,67,,,,,0,,,0,,,32.53,-92.15,,
Tornado,C,91,KANKAKEE,,07-APR-54 15:16:00,CST,07-APR-54 15:16:00,13,0,1,0,250K,0,,0,,,,F3,29.6,400,,,,,0,,,0,,,41.00,-88.22,41.25,-87.75
Tornado,C,75,IROQUOIS,,31-MAY-54 15:15:00,CST,31-MAY-54 15:15:00,2,0,0,0,250K,0,,0,,,,F2,24.2,400,,,,,0,,,0,,,40.67,-88.10,40.88,-87.73
Tornado,C,31,COOK,,10-OCT-54 16:00:00,CST,10-OCT-54 16:00:00,0,0,0,0,25K,0,,0,,,,F1,1.5,50,,,,,0,,,0,,,41.57,-87.67,,
Tornado,C,86,MIAMI-DADE,,03-APR-54 14:00:00,CST,03-APR-54 14:00:00,0,0,0,0,.03K,0,,0,,,,F0,0,33,,,,,0,,,0,,,25.75,-80.20,,
Tornado,C,5,BAY,,16-APR-54 09:00:00,CST,16-APR-54 09:00:00,3,0,0,0,25K,0,,0,,,,F2,2,33,,,,,0,,,0,,,30.33,-85.67,,
Tornado,C,45,GULF,,16-APR-54 14:30:00,CST,16-APR-54 14:30:00,0,0,0,0,.25K,0,,0,,,,,0,33,,,,,0,,,0,,,29.82,-85.25,,
Tornado,C,105,POLK,,30-APR-54 14:00:00,CST,30-APR-54 14:00:00,0,0,0,0,2.5K,0,,0,,,,F0,0,33,,,,,0,,,0,,,27.88,-81.85,,
Tornado,C,121,SUWANNEE,,10-JUN-54 14:30:00,CST,10-JUN-54 14:30:00,1,0,0,0,25K,0,,0,,,,F2,2,33,,,,,0,,,0,,,30.15,-82.95,,
Tornado,C,86,MIAMI-DADE,,23-JUN-54 14:00:00,CST,23-JUN-54 14:00:00,0,0,0,0,0K,0,,0,,,,F0,0,13,,,,,0,,,0,,,25.92,-80.50,,
Tornado,C,99,PALM BEACH,,08-JUL-54 12:22:00,CST,08-JUL-54 12:22:00,0,0,0,0,.03K,0,,0,,,,,0,33,,,,,0,,,0,,,26.47,-80.40,,
Tornado,C,111,ST. LUCIE,,11-AUG-54 12:00:00,CST,11-AUG-54 12:00:00,0,0,0,0,2.5K,0,,0,,,,F0,0,17,,,,,0,,,0,,,27.40,-80.37,,
Tornado,C,103,PINELLAS,,20-AUG-54 17:45:00,CST,20-AUG-54 17:45:00,0,0,0,0,25K,0,,0,,,,F1,.4,27,,,,,0,,,0,,,27.75,-82.75,,
Tornado,C,111,ST. LUCIE,,18-SEP-54 01:00:00,CST,18-SEP-54 01:00:00,2,0,2,0,25K,0,,0,,,,F3,0,33,,,,,0,,,0,,,27.42,-80.33,,
Tornado,C,9,BREVARD,,22-SEP-54 14:30:00,CST,22-SEP-54 14:30:00,0,0,0,0,.03K,0,,0,,,,F0,0,83,,,,,0,,,0,,,28.35,-80.68,,
Tornado,C,11,BROWARD,,22-SEP-54 16:00:00,CST,22-SEP-54 16:00:00,0,0,0,0,2.5K,0,,0,,,,F2,0,33,,,,,0,,,0,,,26.02,-80.15,,
Tornado,C,53,CHATTAHOOCHEE,,13-MAR-54 20:45:00,CST,13-MAR-54 20:45:00,20,0,2,0,25M,0,,0,,,,F3,5.1,600,,,,,0,,,0,,,32.35,-85.02,32.37,-84.93
Tornado,C,269,TAYLOR,,13-MAR-54 21:20:00,CST,13-MAR-54 21:20:00,10,0,0,0,2.5M,0,,0,,,,F3,18.1,300,,,,,0,,,0,,,32.53,-84.37,32.67,-84.10
Tornado,C,269,TAYLOR,,13-MAR-54 21:30:00,CST,13-MAR-54 21:30:00,0,0,0,0,25K,0,,0,,,,F1,3.3,200,,,,,0,,,0,,,32.60,-84.18,32.63,-84.15
Tornado,C,153,HOUSTON,,13-MAR-54 21:30:00,CST,13-MAR-54 21:30:00,5,0,1,0,25K,0,,0,,,,F1,18.5,300,,,,,0,,,0,,,32.63,-83.87,32.65,-83.55
Tornado,C,79,CRAWFORD,,13-MAR-54 21:40:00,CST,13-MAR-54 21:40:00,15,0,0,0,2.5M,0,,0,,,,F3,15.9,300,,,,,0,,,0,,,32.67,-84.10,32.78,-83.87
Tornado,C,289,TWIGGS,,13-MAR-54 22:00:00,CST,13-MAR-54 22:00:00,0,0,0,0,25K,0,,0,,,,F1,3.3,300,,,,,0,,,0,,,32.65,-83.55,32.63,-83.50
Tornado,C,21,BIBB,,13-MAR-54 22:00:00,CST,13-MAR-54 22:00:00,50,0,5,0,2.5M,0,,0,,,,F3,15.5,300,,,,,0,,,0,,,32.78,-83.87,32.87,-83.62
Tornado,C,141,OSBORNE,,11-MAR-54 17:55:00,CST,11-MAR-54 17:55:00,0,0,0,0,2.5K,0,,0,,,,F2,0,33,,,,,0,,,0,,,39.45,-98.68,,
Tornado,C,5,ATCHISON,,12-MAR-54 12:20:00,CST,12-MAR-54 12:20:00,0,0,0,0,2.5K,0,,0,,,,F1,0,33,,,,,0,,,0,,,39.58,-95.47,,
Tornado,C,191,SUMNER,,18-MAR-54 10:30:00,CST,18-MAR-54 10:30:00,0,0,0,0,2.5K,0,,0,,,,F1,0,33,,,,,0,,,0,,,37.43,-97.60,,
Tornado,C,113,SANTA ROSA,,20-FEB-54 19:00:00,CST,20-FEB-54 19:00:00,0,0,0,0,2.5K,0,,0,,,,F1,0,33,,,,,0,,,0,,,30.90,-87.10,,
Tornado,C,109,ST. CROIX,,15-AUG-54 18:00:00,CST,15-AUG-54 18:00:00,0,0,0,0,250K,0,,0,,,,F2,3,100,,,,,0,,,0,,,45.12,-92.58,45.13,-92.50
Tornado,C,71,HARDIN,,28-APR-54 19:15:00,CST,28-APR-54 19:15:00,4,0,0,0,250K,0,,0,,,,F2,2,300,,,,,0,,,0,,,35.18,-88.25,,
Tornado,C,131,OBION,,03-MAY-54 09:45:00,CST,03-MAY-54 09:45:00,0,0,0,0,2.5K,0,,0,,,,F2,3.6,300,,,,,0,,,0,,,36.40,-89.07,36.43,-89.02
Tornado,C,85,COLLIN,,25-MAY-54 18:15:00,CST,25-MAY-54 18:15:00,0,0,0,0,0K,0,,0,,,,F0,0,33,,,,,0,,,0,,,33.02,-96.38,,
