EVENT_TYPE,CZ_TYPE,CZ_FIPS,CZ_NAME,WFO,BEGIN_DATE_TIME,CZ_TIMEZONE,END_DATE_TIME,INJURIES_DIRECT,INJURIES_INDIRECT,DEATHS_DIRECT,DEATHS_INDIRECT,DAMAGE_PROPERTY,DAMAGE_CROPS,SOURCE,MAGNITUDE,MAGNITUDE_TYPE,FLOOD_CAUSE,CATEGORY,TOR_F_SCALE,TOR_LENGTH,TOR_WIDTH,TOR_OTHER_WFO,TOR_OTHER_CZ_STATE,TOR_OTHER_CZ_FIPS,TOR_OTHER_CZ_NAME,BEGIN_RANGE,BEGIN_AZIMUTH,BEGIN_LOCATION,END_RANGE,END_AZIMUTH,END_LOCATION,BEGIN_LAT,BEGIN_LON,END_LAT,END_LON
Tornado,C,31,CAPE GIRARDEAU,,18-MAR-52 18:30:00,CST,18-MAR-52 18:30:00,0,0,0,0,25K,0,,0,,,,F2,6.2,500,,,,,0,,,0,,,37.37,-89.78,37.45,-89.73
Tornado,C,103,PINELLAS,,29-JUN-52 11:00:00,CST,29-JUN-52 11:00:00,0,0,0,0,2.5K,0,,0,,,,F1,0,33,,,,,0,,,0,,,27.75,-82.65,,
Tornado,C,39,CRAWFORD,,17-JAN-52 19:34:00,CST,17-JAN-52 19:34:00,0,0,0,0,250K,0,,0,,,,F2,.5,400,,,,,0,,,0,,,41.60,-80.30,,
Tornado,C,133,YORK,,05-APR-52 12:15:00,CST,05-APR-52 12:15:00,4,0,0,0,2.5M,0,,0,,,,F3,17.5,33,,,,,0,,,0,,,39.80,-76.98,39.95,-76.72
Tornado,C,43,DAUPHIN,,05-APR-52 13:00:00,CST,05-APR-52 13:00:00,6,0,0,0,250K,0,,0,,,,F0,0,33,,,,,0,,,0,,,40.23,-76.80,,
Tornado,C,89,MONROE,,05-APR-52 15:30:00,CST,05-APR-52 15:30:00,0,0,0,0,2.5K,0,,0,,,,F1,1,33,,,,,0,,,0,,,41.12,-75.28,,
Tornado,C,49,ERIE,,19-JUL-52 05:45:00,CST,19-JUL-52 05:45:00,0,0,0,0,2.5K,0,,0,,,,F2,5.6,27,,,,,0,,,0,,,41.93,-79.75,41.92,-79.63
Tornado,C,87,MIFFLIN,,23-JUL-52 12:30:00,CST,23-JUL-52 12:30:00,4,0,0,0,25K,0,,0,,,,F2,0,33,,,,,0,,,0,,,40.62,-77.57,,
Tornado,C,43,DAUPHIN,,16-AUG-52 18:15:00,CST,16-AUG-52 18:15:00,0,0,0,0,2.5K,0,,0,,,,F1,.5,30,,,,,0,,,0,,,40.62,-76.72,,
Tornado,C,39,UNION,,05-APR-52 16:10:00,CST,05-APR-52 16:10:00,0,0,0,0,2.5K,0,,0,,,,F1,.2,33,,,,,0,,,0,,,40.63,-74.32,,
Tornado,C,5,BURLINGTON,,10-AUG-52 09:04:00,CST,10-AUG-52 09:04:00,0,0,0,0,25K,0,,0,,,,F1,2.3,100,,,,,0,,,0,,,40.00,-74.60,40.03,-74.57
Tornado,C,9,CAPE MAY,,10-AUG-52 09:30:00,CST,10-AUG-52 09:30:00,0,0,0,0,25K,0,,0,,,,F1,12.5,100,,,,,0,,,0,,,40.03,-74.57,40.17,-74.40
Tornado,C,35,CUYAHOGA,,24-MAY-52 15:05:00,CST,24-MAY-52 15:05:00,0,0,0,0,25K,0,,0,,,,F1,0,200,,,,,0,,,0,,,41.42,-81.50,,
Tornado,C,131,ROGERS,,13-JUL-52 15:00:00,CST,13-JUL-52 15:00:00,0,0,0,0,2.5K,0,,0,,,,F1,0,33,,,,,0,,,0,,,36.32,-95.70,,
Tornado,C,7,BEAVER,,16-JUL-52 17:30:00,CST,16-JUL-52 17:30:00,0,0,0,0,25K,0,,0,,,,F1,0,30,,,,,0,,,0,,,36.87,-100.88,,
Tornado,C,83,LOGAN,,15-AUG-52 16:30:00,CST,15-AUG-52 16:30:00,0,0,0,0,25K,0,,0,,,,F2,5.1,77,,,,,0,,,0,,,35.80,-97.50,35.85,-97.43
Tornado,C,65,JACKSON,,20-APR-52 16:00:00,CST,20-APR-52 16:00:00,0,0,0,0,.25K,0,,0,,,,F0,1.5,440,,,,,0,,,0,,,34.67,-99.50,,
Tornado,C,65,JACKSON,,20-APR-52 16:00:00,CST,20-APR-52 16:00:00,0,0,0,0,0K,0,,0,,,,F0,1.5,440,,,,,0,,,0,,,34.67,-99.50,,
Tornado,C,65,JACKSON,,20-APR-52 16:00:00,CST,20-APR-52 16:00:00,0,0,0,0,0K,0,,0,,,,F0,1.5,440,,,,,0,,,0,,,34.67,-99.50,,
Tornado,C,9,BECKHAM,,20-APR-52 17:00:00,CST,20-APR-52 17:00:00,0,0,0,0,0K,0,,0,,,,F1,0,20,,,,,0,,,0,,,35.30,-99.67,,
Tornado,C,129,ROGER MILLS,,20-APR-52 18:30:00,CST,20-APR-52 18:30:00,0,0,0,0,0K,0,,0,,,,F0,0,20,,,,,0,,,0,,,35.97,-99.47,,
Tornado,C,43,DEWEY,,20-APR-52 19:15:00,CST,20-APR-52 19:15:00,0,0,0,0,0K,0,,0,,,,F0,0,20,,,,,0,,,0,,,36.15,-99.30,,
Tornado,C,71,KAY,,21-APR-52 16:05:00,CST,21-APR-52 16:05:00,0,0,0,0,0K,0,,0,,,,F0,.3,50,,,,,0,,,0,,,36.87,-97.33,,
Tornado,C,151,WOODS,,30-APR-52 15:45:00,CST,30-APR-52 15:45:00,0,0,0,0,2.5K,0,,0,,,,F2,13.7,200,,,,,0,,,0,,,36.77,-99.08,36.77,-98.83
Tornado,C,9,BECKHAM,,08-APR-52 16:45:00,CST,08-APR-52 16:45:00,0,0,0,0,.25K,0,,0,,,,F0,45.9,100,,,,,0,,,0,,,35.25,-99.70,35.85,-99.35
Tornado,C,57,HARMON,,20-APR-52 15:30:00,CST,20-APR-52 15:30:00,0,0,0,0,25K,0,,0,,,,F1,0,20,,,,,0,,,0,,,34.88,-99.87,,
Tornado,C,51,GRADY,,22-MAY-52 23:30:00,CST,22-MAY-52 23:30:00,0,0,0,0,.25K,0,,0,,,,F1,0,33,,,,,0,,,0,,,34.75,-97.92,,
Tornado,C,119,PAYNE,,23-MAY-52 04:00:00,CST,23-MAY-52 04:00:00,0,0,0,0,2.5K,0,,0,,,,F1,0,33,,,,,0,,,0,,,36.02,-96.82,,
Tornado,C,75,KIOWA,,23-MAY-52 04:30:00,CST,23-MAY-52 04:30:00,0,0,0,0,2.5K,0,,0,,,,F1,16.9,100,,,,,0,,,0,,,34.67,-98.87,34.83,-98.65
Tornado,C,31,COMANCHE,,23-MAY-52 04:45:00,CST,23-MAY-52 04:45:00,1,0,0,0,250K,0,,0,,,,F2,.3,150,,,,,0,,,0,,,34.62,-98.42,,
Tornado,C,31,COMANCHE,,23-MAY-52 05:00:00,CST,23-MAY-52 05:00:00,0,0,0,0,250K,0,,0,,,,F2,0,200,,,,,0,,,0,,,34.65,-98.43,,
Tornado,C,129,ROGER MILLS,,01-JUN-52 00:49:00,CST,01-JUN-52 00:49:00,0,0,0,0,2.5K,0,,0,,,,F1,0,33,,,,,0,,,0,,,35.50,-100.00,,
Tornado,C,11,BLAINE,,04-JUN-52 15:30:00,CST,04-JUN-52 15:30:00,0,0,0,0,2.5K,0,,0,,,,F1,0,33,,,,,0,,,0,,,36.07,-98.32,,
Tornado,C,129,ROGER MILLS,,15-JUN-52 00:50:00,CST,15-JUN-52 00:50:00,0,0,0,0,2.5K,0,,0,,,,F1,0,33,,,,,0,,,0,,,35.62,-99.68,,
Tornado,C,93,MAJOR,,21-JUN-52 15:50:00,CST,21-JUN-52 15:50:00,0,0,0,0,.03K,0,,0,,,,F1,.3,440,,,,,0,,,0,,,36.28,-98.42,,
Tornado,C,141,TILLMAN,,29-JUN-52 16:30:00,CST,29-JUN-52 16:30:00,1,0,0,0,2.5K,0,,0,,,,F2,0,33,,,,,0,,,0,,,34.38,-99.00,,
Tornado,C,17,CANADIAN,,07-JUL-52 13:30:00,CST,07-JUL-52 13:30:00,0,0,0,0,0K,0,,0,,,,F1,3.6,50,,,,,0,,,0,,,35.33,-97.83,35.37,-97.78
Tornado,C,451,TOM GREEN,,30-APR-52 18:30:00,CST,30-APR-52 18:30:00,6,0,0,0,250K,0,,0,,,,F3,.5,100,,,,,0,,,0,,,31.45,-100.47,,
Tornado,C,213,HENDERSON,,23-MAY-52 11:40:00,CST,23-MAY-52 11:40:00,1,0,0,0,2.5K,0,,0,,,,F0,.5,33,,,,,0,,,0,,,32.22,-95.62,,
Tornado,C,451,TOM GREEN,,23-MAY-52 14:30:00,CST,23-MAY-52 14:30:00,1,0,0,0,2.5K,0,,0,,,,F1,7.1,50,,,,,0,,,0,,,31.45,-100.48,31.45,-100.37
Tornado,C,503,YOUNG,,12-AUG-52 16:15:00,CST,12-AUG-52 16:15:00,0,0,0,0,25K,0,,0,,,,F1,.7,50,,,,,0,,,0,,,33.12,-98.60,,
Tornado,C,455,TRINITY,,03-DEC-52 18:15:00,CST,03-DEC-52 18:15:00,4,0,0,0,25K,0,,0,,,,F2,13.3,100,,,,,0,,,0,,,30.90,-95.30,30.95,-95.08
Tornado,C,361,ORANGE,,01-FEB-52 15:00:00,CST,01-FEB-52 15:00:00,0,0,0,0,25K,0,,0,,,,F2,1,67,,,,,0,,,0,,,30.08,-93.77,,
Tornado,C,113,DALLAS,,02-MAR-52 22:00:00,CST,02-MAR-52 22:00:00,0,0,0,0,2.5K,0,,0,,,,F0,.2,7,,,,,0,,,0,,,32.97,-96.58,,
Tornado,C,485,WICHITA,,17-MAR-52 19:30:00,CST,17-MAR-52 19:30:00,0,0,0,0,25K,0,,0,,,,F1,0,33,,,,,0,,,0,,,33.88,-98.58,,
Tornado,C,363,PALO PINTO,,17-MAR-52 20:00:00,CST,17-MAR-52 20:00:00,0,0,0,0,2.5K,0,,0,,,,F0,.5,20,,,,,0,,,0,,,32.92,-98.25,,
Tornado,C,181,GRAYSON,,03-APR-52 18:00:00,CST,03-APR-52 18:00:00,1,0,0,0,25K,0,,0,,,,F2,4.9,200,,,,,0,,,0,,,33.60,-96.70,33.63,-96.63
Tornado,C,213,HENDERSON,,18-APR-52 14:15:00,CST,18-APR-52 14:15:00,0,0,0,0,2.5K,0,,0,,,,F1,.8,200,,,,,0,,,0,,,32.22,-95.85,,
Tornado,C,309,MCLENNAN,,21-APR-52 12:15:00,CST,21-APR-52 12:15:00,0,0,0,0,25K,0,,0,,,,F4,2.3,200,,,,,0,,,0,,,31.50,-97.45,31.48,-97.42
Tornado,C,25,YAVAPAI,,14-NOV-52 21:00:00,CST,14-NOV-52 21:00:00,0,0,0,0,0K,0,,0,,,,,.2,200,,,,,0,,,0,,,35.13,-112.57,,
Tornado,C,31,ESSEX,,06-MAY-52 13:00:00,CST,06-MAY-52 13:00:00,0,0,0,0,25K,0,,0,,,,F2,4.9,200,,,,,0,,,0,,,44.33,-74.00,44.38,-73.92
Tornado,C,55,DARE,,17-SEP-52 11:30:00,CST,17-SEP-52 11:30:00,0,0,0,0,25K,0,,0,,,,F3,1,50,,,,,0,,,0,,,35.95,-75.60,,
Tornado,C,95,MONROE,,13-FEB-52 22:00:00,CST,13-FEB-52 22:00:00,1,0,0,0,25K,0,,0,,,,F1,0,33,,,,,0,,,0,,,33.85,-88.47,,
Tornado,C,45,HANCOCK,,13-FEB-52 22:30:00,CST,13-FEB-52 22:30:00,2,0,0,0,0K,0,,0,,,,F1,0,33,,,,,0,,,0,,,30.42,-89.48,,
Tornado,C,89,MADISON,,21-MAR-52 20:30:00,CST,21-MAR-52 20:30:00,1,0,0,0,2.5K,0,,0,,,,,0,20,,,,,0,,,0,,,32.47,-90.12,,
Tornado,C,93,MARSHALL,,21-MAR-52 22:00:00,CST,21-MAR-52 22:00:00,24,0,9,0,250K,0,,0,,,,F4,10.9,100,,,,,0,,,0,,,34.87,-89.68,35.00,-89.58
Tornado,C,31,COVINGTON,,29-JUL-52 16:00:00,CST,29-JUL-52 16:00:00,0,0,0,0,25K,0,,0,,,,,0,33,,,,,0,,,0,,,31.62,-89.53,,
Tornado,C,71,LAFAYETTE,,03-AUG-52 15:45:00,CST,03-AUG-52 15:45:00,0,0,0,0,25K,0,,0,,,,F2,.3,200,,,,,0,,,0,,,34.37,-89.52,,
Tornado,C,33,GOLDEN VALLEY,,10-JUN-52 17:00:00,CST,10-JUN-52 17:00:00,0,0,0,0,25K,0,,0,,,,,8.8,300,,,,,0,,,0,,,47.07,-104.00,47.20,-104.03
Tornado,C,89,STARK,,10-JUN-52 19:00:00,CST,10-JUN-52 19:00:00,0,0,0,0,25K,0,,0,,,,F2,10.1,33,,,,,0,,,0,,,46.78,-103.02,46.78,-102.80
Tornado,C,103,WELLS,,15-JUN-52 16:00:00,CST,15-JUN-52 16:00:00,1,0,0,0,25K,0,,0,,,,F3,1.7,33,,,,,0,,,0,,,47.40,-99.55,,
Tornado,C,61,MOUNTRAIL,,20-JUN-52 15:00:00,CST,20-JUN-52 15:00:00,0,0,0,0,0K,0,,0,,,,,0,33,,,,,0,,,0,,,47.92,-102.13,,
Tornado,C,77,RICHLAND,,01-JUL-52 14:00:00,CST,01-JUL-52 14:00:00,0,0,0,0,25K,0,,0,,,,F3,.5,33,,,,,0,,,0,,,46.07,-96.95,,
Tornado,C,53,MCKENZIE,,01-JUL-52 17:30:00,CST,01-JUL-52 17:30:00,0,0,0,0,25K,0,,0,,,,F2,9.7,33,,,,,0,,,0,,,47.82,-103.55,47.80,-103.33
Tornado,C,25,MONMOUTH,,10-AUG-52 09:45:00,CST,10-AUG-52 09:45:00,0,0,0,0,25K,0,,0,,,,F1,24.5,100,,,,,0,,,0,,,40.17,-74.40,40.42,-74.07
Tornado,C,25,FALLON,,19-JUL-52 17:30:00,CST,19-JUL-52 17:30:00,0,0,0,0,250K,0,,0,,,,,55.5,33,,,,,0,,,0,,,46.37,-104.28,46.37,-103.12
Tornado,C,109,WIBAUX,,19-JUL-52 18:30:00,CST,19-JUL-52 18:30:00,2,0,1,0,250K,0,,0,,,,F3,9.1,33,,,,,0,,,0,,,46.97,-104.25,47.00,-104.05
Tornado,C,25,CASS,,13-AUG-52 19:30:00,CST,13-AUG-52 19:30:00,0,0,0,0,250K,0,,0,,,,F4,7.3,33,,,,,0,,,0,,,41.02,-96.32,40.93,-96.22
Tornado,C,89,HOLT,,15-JUN-52 19:02:00,CST,15-JUN-52 19:02:00,0,0,0,0,2.5K,0,,0,,,,F1,1,33,,,,,0,,,0,,,42.48,-98.67,,
Tornado,C,15,BURLEIGH,,01-JUL-52 18:00:00,CST,01-JUL-52 18:00:00,25,0,1,0,250K,0,,0,,,,F4,19.8,150,,,,,0,,,0,,,47.05,-100.50,47.15,-100.10
Tornado,C,15,BURLEIGH,,01-JUL-52 18:36:00,CST,01-JUL-52 18:36:00,1,0,0,0,250K,0,,0,,,,F4,28.2,150,,,,,0,,,0,,,47.15,-100.10,47.20,-99.50
Tornado,C,35,GRAND FORKS,,09-JUL-52 15:00:00,CST,09-JUL-52 15:00:00,0,0,0,0,2.5K,0,,0,,,,F2,0,33,,,,,0,,,0,,,47.92,-97.17,,
Tornado,C,33,GOLDEN VALLEY,,19-JUL-52 18:30:00,CST,19-JUL-52 18:30:00,0,0,0,0,2.5K,0,,0,,,,F3,7.3,33,,,,,0,,,0,,,47.00,-104.05,47.02,-103.88
Tornado,C,93,STUTSMAN,,24-JUL-52 19:00:00,CST,24-JUL-52 19:00:00,0,0,0,0,250K,0,,0,,,,F2,7.3,33,,,,,0,,,0,,,47.00,-98.67,47.00,-98.50
Tornado,C,151,SALINE,,26-JUN-52 20:00:00,CST,26-JUN-52 20:00:00,0,0,0,0,0K,0,,0,,,,F2,2.7,33,,,,,0,,,0,,,40.63,-96.93,40.58,-96.92
Tornado,C,49,DEUEL,,12-JUL-52 16:00:00,CST,12-JUL-52 16:00:00,0,0,0,0,0K,0,,0,,,,F1,27.6,33,,,,,0,,,0,,,41.17,-103.00,40.92,-102.58
Tornado,C,37,COLFAX,,13-AUG-52 17:30:00,CST,13-AUG-52 17:30:00,0,0,0,0,0K,0,,0,,,,F3,3.3,1300,,,,,0,,,0,,,41.47,-97.28,41.43,-97.22
Tornado,C,23,BUTLER,,13-AUG-52 17:45:00,CST,13-AUG-52 17:45:00,1,0,0,0,0K,0,,0,,,,F3,41.1,1300,,,,,0,,,0,,,41.35,-97.17,41.25,-96.38
Tornado,C,155,SAUNDERS,,13-AUG-52 19:00:00,CST,13-AUG-52 19:00:00,20,0,0,0,250K,0,,0,,,,F4,19.4,110,,,,,0,,,0,,,41.22,-96.58,41.02,-96.32
Tornado,C,65,FURNAS,,29-APR-52 16:00:00,CST,29-APR-52 16:00:00,0,0,0,0,0K,0,,0,,,,F1,1,20,,,,,0,,,0,,,40.15,-99.80,,
Tornado,C,33,CHEYENNE,,08-MAY-52 16:00:00,CST,08-MAY-52 16:00:00,0,0,0,0,0K,0,,0,,,,F1,0,33,,,,,0,,,0,,,41.18,-103.33,,
Tornado,C,33,CHEYENNE,,13-MAY-52 21:00:00,CST,13-MAY-52 21:00:00,0,0,0,0,0K,0,,0,,,,F1,0,33,,,,,0,,,0,,,41.42,-103.07,,
Tornado,C,33,CHEYENNE,,26-MAY-52 18:00:00,CST,26-MAY-52 18:00:00,0,0,0,0,0K,0,,0,,,,F0,2,33,,,,,0,,,0,,,41.20,-103.03,,
Tornado,C,1,ARKANSAS,,26-JAN-52 15:30:00,CST,26-JAN-52 15:30:00,0,0,0,0,25K,0,,0,,,,F1,0,33,,,,,0,,,0,,,34.42,-91.40,,
Tornado,C,1,ARKANSAS,,26-JAN-52 16:00:00,CST,26-JAN-52 16:00:00,0,0,0,0,25K,0,,0,,,,F1,0,33,,,,,0,,,0,,,34.48,-91.55,,
Tornado,C,93,MISSISSIPPI,,13-FEB-52 16:30:00,CST,13-FEB-52 16:30:00,5,0,0,0,0K,0,,0,,,,F2,.3,33,,,,,0,,,0,,,35.95,-90.15,,
Tornado,C,83,LOGAN,,03-MAR-52 05:45:00,CST,03-MAR-52 05:45:00,0,0,0,0,.25K,0,,0,,,,F1,.6,50,,,,,0,,,0,,,35.13,-93.93,,
Tornado,C,61,HOWARD,,21-MAR-52 14:40:00,CST,21-MAR-52 14:40:00,9,0,7,0,25K,0,,0,,,,F4,13,833,,,,,0,,,0,,,34.02,-94.02,34.22,-93.97
Tornado,C,125,SALINE,,21-MAR-52 16:00:00,CST,21-MAR-52 16:00:00,0,0,0,0,25K,0,,0,,,,F3,17.7,440,,,,,0,,,0,,,34.72,-92.82,34.78,-92.52
Tornado,C,145,WHITE,,21-MAR-52 16:50:00,CST,21-MAR-52 16:50:00,325,0,50,0,2.5M,0,,0,,,,F4,14.6,1760,,,,,0,,,0,,,35.22,-91.70,35.37,-91.52
Tornado,C,45,FAULKNER,,21-MAR-52 17:00:00,CST,21-MAR-52 17:00:00,6,0,0,0,25K,0,,0,,,,F2,0,33,,,,,0,,,0,,,34.95,-92.42,,
Tornado,C,85,LONOKE,,21-MAR-52 17:00:00,CST,21-MAR-52 17:00:00,9,0,9,0,250K,0,,0,,,,F3,16.2,33,,,,,0,,,0,,,34.53,-91.80,34.73,-91.65
Tornado,C,85,LONOKE,,21-MAR-52 17:00:00,CST,21-MAR-52 17:00:00,6,0,2,0,250K,0,,0,,,,F4,7.6,33,,,,,0,,,0,,,34.90,-91.85,34.80,-91.80
Tornado,C,117,PRAIRIE,,21-MAR-52 17:20:00,CST,21-MAR-52 17:20:00,5,0,1,0,2.5K,0,,0,,,,,0,417,,,,,0,,,0,,,34.72,-91.57,,
Tornado,C,117,PRAIRIE,,21-MAR-52 17:20:00,CST,21-MAR-52 17:20:00,15,0,5,0,250K,0,,0,,,,F2,13.3,417,,,,,0,,,0,,,34.80,-91.80,34.98,-91.73
Tornado,C,91,MILLER,,16-JUL-52 16:05:00,CST,16-JUL-52 16:05:00,0,0,0,0,0K,0,,0,,,,F2,1.1,50,,,,,0,,,0,,,33.45,-93.97,33.47,-93.97
Tornado,C,113,POLK,,17-NOV-52 16:30:00,CST,17-NOV-52 16:30:00,0,0,0,0,25K,0,,0,,,,F2,11.4,100,,,,,0,,,0,,,34.57,-94.40,34.70,-94.28
Tornado,C,37,LOS ANGELES,,20-DEC-52 14:00:00,CST,20-DEC-52 14:00:00,0,0,0,0,0K,0,,0,,,,,0,33,,,,,0,,,0,,,34.40,-118.53,,
Tornado,C,147,WOODRUFF,,21-MAR-52 17:30:00,CST,21-MAR-52 17:30:00,0,0,0,0,25K,0,,0,,,,F3,17.6,600,,,,,0,,,0,,,35.13,-91.45,35.27,-91.18
Tornado,C,147,WOODRUFF,,21-MAR-52 17:30:00,CST,21-MAR-52 17:30:00,180,0,29,0,2.5M,0,,0,,,,F4,13.1,880,,,,,0,,,0,,,35.00,-91.25,35.13,-91.08
Tornado,C,67,JACKSON,,21-MAR-52 17:40:00,CST,21-MAR-52 17:40:00,6,0,0,0,2.5K,0,,0,,,,F3,9.6,440,,,,,0,,,0,,,35.47,-91.20,35.53,-91.05
Tornado,C,111,POINSETT,,21-MAR-52 17:45:00,CST,21-MAR-52 17:45:00,0,0,0,0,2.5K,0,,0,,,,F3,18.9,440,,,,,0,,,0,,,35.53,-91.05,35.80,-90.97
Tornado,C,37,CROSS,,21-MAR-52 18:00:00,CST,21-MAR-52 18:00:00,5,0,4,0,250K,0,,0,,,,F4,0,880,,,,,0,,,0,,,35.42,-91.00,,
Tornado,C,111,POINSETT,,21-MAR-52 18:45:00,CST,21-MAR-52 18:45:00,39,0,2,0,250K,0,,0,,,,F3,12.1,417,,,,,0,,,0,,,35.60,-90.72,35.67,-90.52
Tornado,C,111,POINSETT,,21-MAR-52 18:45:00,CST,21-MAR-52 18:45:00,5,0,1,0,250K,0,,0,,,,F3,9.4,200,,,,,0,,,0,,,35.53,-90.42,35.62,-90.28
Tornado,C,93,MISSISSIPPI,,21-MAR-52 19:00:00,CST,21-MAR-52 19:00:00,57,0,1,0,250K,0,,0,,,,F3,39.7,880,,,,,0,,,0,,,35.67,-90.52,35.95,-89.90
Tornado,C,93,MISSISSIPPI,,21-MAR-52 19:00:00,CST,21-MAR-52 19:00:00,57,0,1,0,250K,0,,0,,,,F3,39.7,880,,,,,0,,,0,,,35.67,-90.52,35.95,-89.90
Tornado,C,27,COLUMBIA,,22-APR-52 18:30:00,CST,22-APR-52 18:30:00,0,0,0,0,.03K,0,,0,,,,F1,.3,150,,,,,0,,,0,,,33.32,-93.25,,
Tornado,C,13,CALHOUN,,28-JAN-52 05:30:00,CST,28-JAN-52 05:30:00,3,0,0,0,25K,0,,0,,,,F1,.5,17,,,,,0,,,0,,,30.47,-85.25,,
Tornado,C,73,LEON,,28-JAN-52 06:45:00,CST,28-JAN-52 06:45:00,0,0,0,0,25K,0,,0,,,,F2,1.5,33,,,,,0,,,0,,,30.50,-84.23,,
Tornado,C,5,BAY,,20-FEB-52 09:10:00,CST,20-FEB-52 09:10:00,4,0,0,0,25K,0,,0,,,,F2,1.5,73,,,,,0,,,0,,,30.17,-85.70,,
Tornado,C,63,INDEPENDENCE,,22-APR-52 19:15:00,CST,22-APR-52 19:15:00,0,0,0,0,2.5K,0,,0,,,,F1,0,100,,,,,0,,,0,,,35.90,-91.63,,
Tornado,C,75,LAWRENCE,,04-JUN-52 15:35:00,CST,04-JUN-52 15:35:00,0,0,0,0,0K,0,,0,,,,F2,0,33,,,,,0,,,0,,,36.12,-90.93,,
Tornado,C,119,PULASKI,,18-JUN-52 14:30:00,CST,18-JUN-52 14:30:00,0,0,0,0,0K,0,,0,,,,F0,0,33,,,,,0,,,0,,,34.70,-92.08,,
Tornado,C,91,MILLER,,16-JUL-52 14:18:00,CST,16-JUL-52 14:18:00,0,0,0,0,25K,0,,0,,,,F2,1.1,50,,,,,0,,,0,,,33.45,-93.97,33.47,-93.97
Tornado,C,99,NESHOBA,,13-FEB-52 19:30:00,CST,13-FEB-52 19:30:00,0,0,0,0,0K,0,,0,,,,F0,0,33,,,,,0,,,0,,,32.77,-89.10,,
Tornado,C,183,WAKE,,05-APR-52 00:45:00,CST,05-APR-52 00:45:00,0,0,0,0,25K,0,,0,,,,F2,6.9,300,,,,,0,,,0,,,35.80,-78.88,35.90,-78.88
Tornado,C,15,BERTIE,,10-MAY-52 11:00:00,CST,10-MAY-52 11:00:00,6,0,0,0,0K,0,,0,,,,F2,0,33,,,,,0,,,0,,,36.10,-77.25,,
Tornado,C,95,HYDE,,20-MAY-52 11:00:00,CST,20-MAY-52 11:00:00,2,0,0,0,0K,0,,0,,,,F2,1.5,33,,,,,0,,,0,,,35.47,-76.38,,
Tornado,C,83,HALIFAX,,23-JUL-52 11:00:00,CST,23-JUL-52 11:00:00,0,0,0,0,25K,0,,0,,,,F2,0,33,,,,,0,,,0,,,36.25,-77.75,,
Tornado,C,169,STOKES,,31-AUG-52 11:00:00,CST,31-AUG-52 11:00:00,0,0,0,0,25K,0,,0,,,,F1,0,33,,,,,0,,,0,,,36.25,-80.17,,
Tornado,C,95,JACKSON,,22-MAY-52 19:00:00,CST,22-MAY-52 19:00:00,1,0,0,0,250K,0,,0,,,,F2,1.3,440,,,,,0,,,0,,,38.90,-94.27,38.93,-94.23
Tornado,C,139,MONTGOMERY,,17-JUL-52 16:15:00,CST,17-JUL-52 16:15:00,0,0,0,0,25K,0,,0,,,,F1,.2,10,,,,,0,,,0,,,38.97,-91.50,,
Tornado,C,159,PETTIS,,21-AUG-52 00:20:00,CST,21-AUG-52 00:20:00,13,0,1,0,25M,0,,0,,,,F2,1.3,300,,,,,0,,,0,,,38.68,-93.27,38.70,-93.23
Tornado,C,147,NODAWAY,,16-NOV-52 16:00:00,CST,16-NOV-52 16:00:00,2,0,0,0,25K,0,,0,,,,F3,21.6,600,,,,,0,,,0,,,40.45,-95.07,40.57,-94.68
Tornado,C,107,PICKENS,,03-MAR-52 13:10:00,CST,03-MAR-52 13:10:00,6,0,0,0,25K,0,,0,,,,F3,3.3,440,,,,,0,,,0,,,33.33,-87.90,33.37,-87.87
Tornado,C,103,MORGAN,,22-MAR-52 15:00:00,CST,22-MAR-52 15:00:00,50,0,4,0,25K,0,,0,,,,F4,21.6,100,,,,,0,,,0,,,34.60,-87.00,34.68,-86.63
Tornado,C,97,MOBILE,,04-APR-52 06:20:00,CST,04-APR-52 06:20:00,2,0,0,0,25K,0,,0,,,,F1,.2,200,,,,,0,,,0,,,30.70,-88.28,,
Tornado,C,11,CAROLINE,,05-APR-52 15:00:00,CST,05-APR-52 15:00:00,0,0,0,0,.25K,0,,0,,,,F0,.3,33,,,,,0,,,0,,,39.12,-75.75,,
Tornado,C,31,MONTGOMERY,,31-AUG-52 22:00:00,CST,31-AUG-52 22:00:00,0,0,0,0,25K,0,,0,,,,F1,0,70,,,,,0,,,0,,,39.02,-77.22,39.03,-77.23
Tornado,C,57,FAYETTE,,10-MAY-52 09:00:00,CST,10-MAY-52 09:00:00,0,0,0,0,25K,0,,0,,,,F1,.2,50,,,,,0,,,0,,,33.73,-87.75,,
Tornado,C,57,FAYETTE,,10-MAY-52 09:00:00,CST,10-MAY-52 09:00:00,0,0,0,0,25K,0,,0,,,,F1,.2,50,,,,,0,,,0,,,33.73,-87.75,,
Tornado,C,57,FAYETTE,,10-MAY-52 09:00:00,CST,10-MAY-52 09:00:00,0,0,0,0,25K,0,,0,,,,F1,.2,50,,,,,0,,,0,,,33.73,-87.75,,
Tornado,C,123,LARUE,,22-MAR-52 00:05:00,CST,22-MAR-52 00:05:00,18,0,0,0,250K,0,,0,,,,F3,2.7,33,,,,,0,,,0,,,37.53,-85.72,37.55,-85.67
Tornado,C,59,DAVIESS,,09-DEC-52 15:00:00,CST,09-DEC-52 15:00:00,3,0,0,0,0K,0,,0,,,,F3,25.2,880,,,,,0,,,0,,,37.68,-87.30,37.87,-86.90
Tornado,C,91,HANCOCK,,09-DEC-52 15:30:00,CST,09-DEC-52 15:30:00,0,0,0,0,0K,0,,0,,,,F3,8.5,880,,,,,0,,,0,,,37.87,-86.90,37.93,-86.77
Tornado,C,123,TALLAPOOSA,,22-JAN-52 09:00:00,CST,22-JAN-52 09:00:00,0,0,0,0,2.5K,0,,0,,,,F1,0,33,,,,,0,,,0,,,32.92,-85.97,,
Tornado,C,125,TUSCALOOSA,,13-FEB-52 20:00:00,CST,13-FEB-52 20:00:00,14,0,1,0,25K,0,,0,,,,F3,3.3,100,,,,,0,,,0,,,33.57,-87.67,33.60,-87.63
Tornado,C,57,FAYETTE,,13-FEB-52 20:00:00,CST,13-FEB-52 20:00:00,0,0,0,0,25K,0,,0,,,,F3,2.3,100,,,,,0,,,0,,,33.60,-87.63,33.62,-87.62
Tornado,C,43,CULLMAN,,13-FEB-52 20:30:00,CST,13-FEB-52 20:30:00,3,0,0,0,2.5M,0,,0,,,,F1,1.3,400,,,,,0,,,0,,,34.02,-86.75,34.03,-86.73
Tornado,C,9,BLOUNT,,13-FEB-52 20:30:00,CST,13-FEB-52 20:30:00,3,0,0,0,2.5M,0,,0,,,,F1,4.7,400,,,,,0,,,0,,,34.03,-86.73,34.07,-86.67
Tornado,C,73,JEFFERSON,,13-FEB-52 21:30:00,CST,13-FEB-52 21:30:00,26,0,1,0,250K,0,,0,,,,F3,0,200,,,,,0,,,0,,,33.60,-86.93,,
Tornado,C,49,DEKALB,,29-FEB-52 17:00:00,CST,29-FEB-52 17:00:00,12,0,0,0,0K,0,,0,,,,F3,3.3,400,,,,,0,,,0,,,34.50,-85.70,34.53,-85.67
Tornado,C,21,FREDERICK,,05-APR-52 12:00:00,CST,05-APR-52 12:00:00,0,0,0,0,25K,0,,0,,,,F1,1,50,,,,,0,,,0,,,39.45,-77.55,,
Tornado,C,21,FREDERICK,,05-APR-52 14:00:00,CST,05-APR-52 14:00:00,1,0,0,0,25K,0,,0,,,,F1,1,50,,,,,0,,,0,,,39.63,-77.42,,
Tornado,C,33,COTTONWOOD,,23-JUN-52 20:30:00,CST,23-JUN-52 20:30:00,0,0,0,0,2.5M,0,,0,,,,F2,12.5,220,,,,,0,,,0,,,44.00,-95.28,44.12,-95.08
Tornado,C,15,BROWN,,23-JUN-52 20:50:00,CST,23-JUN-52 20:50:00,5,0,0,0,2.5M,0,,0,,,,F2,30.7,220,,,,,0,,,0,,,44.12,-95.08,44.38,-94.58
Tornado,C,103,NICOLLET,,23-JUN-52 22:00:00,CST,23-JUN-52 22:00:00,0,0,0,0,2.5M,0,,0,,,,F2,61.6,220,,,,,0,,,0,,,44.38,-94.58,44.83,-93.50
Tornado,C,53,HENNEPIN,,23-JUN-52 23:30:00,CST,23-JUN-52 23:30:00,5,0,0,0,2.5M,0,,0,,,,F2,0,220,,,,,0,,,0,,,44.83,-93.50,44.85,-93.47
Tornado,C,79,LE SUEUR,,24-JUN-52 18:30:00,CST,24-JUN-52 18:30:00,6,0,0,0,2.5M,0,,0,,,,F2,65.8,267,,,,,0,,,0,,,44.33,-93.85,45.12,-93.08
Tornado,C,3,ANOKA,,24-JUN-52 20:00:00,CST,24-JUN-52 20:00:00,9,0,0,0,2.5M,0,,0,,,,F2,5.1,267,,,,,0,,,0,,,45.12,-93.08,45.20,-93.07
Tornado,C,51,GRANT,,02-JUL-52 16:00:00,CST,02-JUL-52 16:00:00,0,0,0,0,25K,0,,0,,,,F1,4.1,217,,,,,0,,,0,,,45.87,-96.18,45.82,-96.12
Tornado,C,1,AITKIN,,16-JUL-52 19:00:00,CST,16-JUL-52 19:00:00,0,0,0,0,25K,0,,0,,,,F2,9.4,333,,,,,0,,,0,,,46.72,-96.53,46.83,-96.42
Tornado,C,47,FREEBORN,,27-JUL-52 18:25:00,CST,27-JUL-52 18:25:00,4,0,0,0,25K,0,,0,,,,F2,1.5,133,,,,,0,,,0,,,43.72,-93.48,,
Tornado,C,149,STEVENS,,27-AUG-52 15:25:00,CST,27-AUG-52 15:25:00,0,0,0,0,25K,0,,0,,,,F1,13.3,33,,,,,0,,,0,,,45.58,-96.22,45.58,-95.93
Tornado,C,187,ST. FRANCOIS,,18-MAR-52 17:25:00,CST,18-MAR-52 17:25:00,1,0,0,0,25K,0,,0,,,,F2,8.5,100,,,,,0,,,0,,,37.75,-90.50,37.78,-90.35
Tornado,C,186,STE. GENEVIEVE,,18-MAR-52 17:35:00,CST,18-MAR-52 17:35:00,0,0,0,0,25K,0,,0,,,,F2,9.9,100,,,,,0,,,0,,,37.78,-90.35,37.88,-90.22
Tornado,C,155,PEMISCOT,,21-MAR-52 20:00:00,CST,21-MAR-52 20:00:00,100,0,17,0,2.5M,0,,0,,,,F4,6.5,880,,,,,0,,,0,,,36.05,-89.82,36.07,-89.70
Tornado,C,75,GENTRY,,07-MAY-52 16:00:00,CST,07-MAY-52 16:00:00,0,0,0,0,.25K,0,,0,,,,F1,1.5,400,,,,,0,,,0,,,40.10,-94.53,,
Tornado,C,155,PEMISCOT,,13-FEB-52 17:10:00,CST,13-FEB-52 17:10:00,0,0,0,0,2.5K,0,,0,,,,F2,4.5,100,,,,,0,,,0,,,36.07,-89.93,36.12,-89.88
Tornado,C,155,PEMISCOT,,13-FEB-52 17:20:00,CST,13-FEB-52 17:20:00,0,0,0,0,0K,0,,0,,,,F2,2.3,100,,,,,0,,,0,,,36.12,-89.88,36.15,-89.87
Tornado,C,23,BUTLER,,23-MAY-52 13:00:00,CST,23-MAY-52 13:00:00,0,0,0,0,0K,0,,0,,,,F2,0,17,,,,,0,,,0,,,42.75,-92.97,,
Tornado,C,195,WORTH,,23-MAY-52 15:00:00,CST,23-MAY-52 15:00:00,0,0,0,0,0K,0,,0,,,,F1,0,33,,,,,0,,,0,,,43.33,-93.08,,
Tornado,C,35,CHEROKEE,,23-JUN-52 18:30:00,CST,23-JUN-52 18:30:00,4,0,0,0,2.5M,0,,0,,,,F4,24.1,400,,,,,0,,,0,,,42.75,-95.85,42.90,-95.42
Tornado,C,119,LYON,,02-JUL-52 17:50:00,CST,02-JUL-52 17:50:00,0,0,0,0,0K,0,,0,,,,F1,0,33,,,,,0,,,0,,,43.40,-96.10,,
Tornado,C,139,MUSCATINE,,17-NOV-52 13:20:00,CST,17-NOV-52 13:20:00,0,0,0,0,0K,0,,0,,,,F0,0,50,,,,,0,,,0,,,41.55,-91.08,,
Tornado,C,111,SANBORN,,23-JUN-52 18:55:00,CST,23-JUN-52 18:55:00,0,0,0,0,.03K,0,,0,,,,F0,2,43,,,,,0,,,0,,,44.02,-98.10,,
Tornado,C,55,HAAKON,,24-JUN-52 10:00:00,CST,24-JUN-52 10:00:00,0,0,0,0,.03K,0,,0,,,,F0,0,33,,,,,0,,,0,,,44.18,-101.45,,
Tornado,C,49,FAULK,,27-JUN-52 23:00:00,CST,27-JUN-52 23:00:00,0,0,0,0,25K,0,,0,,,,,0,33,,,,,0,,,0,,,45.20,-99.40,,
Tornado,C,53,GREGORY,,28-JUN-52 19:10:00,CST,28-JUN-52 19:10:00,0,0,0,0,0K,0,,0,,,,F0,1,100,,,,,0,,,0,,,43.45,-99.08,,
Tornado,C,67,HUTCHINSON,,28-JUN-52 22:10:00,CST,28-JUN-52 22:10:00,0,0,0,0,25K,0,,0,,,,F1,0,33,,,,,0,,,0,,,43.23,-97.58,,
Tornado,C,157,TUSCARAWAS,,13-APR-52 13:10:00,CST,13-APR-52 13:10:00,4,0,0,0,250K,0,,0,,,,F1,0,33,,,,,0,,,0,,,40.53,-81.50,,
Tornado,C,73,KINGFISHER,,13-JUL-52 13:00:00,CST,13-JUL-52 13:00:00,0,0,0,0,.25K,0,,0,,,,F1,1,10,,,,,0,,,0,,,35.93,-97.73,,
Tornado,C,97,MARION,,09-MAY-52 18:45:00,CST,09-MAY-52 18:45:00,0,0,0,0,250K,0,,0,,,,F1,15.6,13,,,,,0,,,0,,,39.80,-86.07,39.87,-85.78
Tornado,C,123,PERRY,,09-DEC-52 15:50:00,CST,09-DEC-52 15:50:00,0,0,0,0,250K,0,,0,,,,F3,1.3,33,,,,,0,,,0,,,37.93,-86.77,37.95,-86.73
Tornado,C,63,KIT CARSON,,08-MAY-52 14:30:00,CST,08-MAY-52 14:30:00,1,0,0,0,25K,0,,0,,,,F2,2.5,200,,,,,0,,,0,,,39.48,-102.60,,
Tornado,C,123,WELD,,15-MAY-52 15:15:00,CST,15-MAY-52 15:15:00,5,0,0,0,25K,0,,0,,,,F3,7.4,150,,,,,0,,,0,,,40.33,-104.57,40.25,-104.47
Tornado,C,121,WASHINGTON,,26-JUN-52 17:30:00,CST,26-JUN-52 17:30:00,0,0,0,0,250K,0,,0,,,,F2,7,33,,,,,0,,,0,,,40.00,-103.60,,
Tornado,C,45,GREENVILLE,,10-MAY-52 14:00:00,CST,10-MAY-52 14:00:00,0,0,0,0,.03K,0,,0,,,,F3,6.6,83,,,,,0,,,0,,,34.80,-82.25,34.80,-82.13
Tornado,C,83,SPARTANBURG,,10-MAY-52 14:15:00,CST,10-MAY-52 14:15:00,4,0,2,0,.03K,0,,0,,,,F3,16.1,83,,,,,0,,,0,,,34.80,-82.13,34.80,-81.85
Tornado,C,11,BARNWELL,,12-JUN-52 19:00:00,CST,12-JUN-52 19:00:00,0,0,0,0,250K,0,,0,,,,F1,2,167,,,,,0,,,0,,,33.42,-81.42,,
Tornado,C,181,GRAYSON,,05-JUN-52 12:30:00,CST,05-JUN-52 12:30:00,0,0,0,0,.03K,0,,0,,,,F1,13.8,33,,,,,0,,,0,,,33.65,-96.75,33.83,-96.65
Tornado,C,151,SWIFT,,23-JUN-52 16:30:00,CST,23-JUN-52 16:30:00,0,0,0,0,2.5M,0,,0,,,,F2,8.4,220,,,,,0,,,0,,,45.30,-95.50,45.35,-95.33
Tornado,C,127,SCOTT,,17-NOV-52 16:40:00,CST,17-NOV-52 16:40:00,2,0,0,0,25K,0,,0,,,,F2,27.8,100,,,,,0,,,0,,,34.70,-94.28,34.95,-93.90
Tornado,C,27,NIOBRARA,,08-MAY-52 12:30:00,CST,08-MAY-52 12:30:00,0,0,0,0,.03K,0,,0,,,,F1,2,100,,,,,0,,,0,,,42.93,-104.33,,
Tornado,C,77,GRANVILLE,,19-NOV-52 22:37:00,CST,19-NOV-52 22:37:00,1,0,0,0,250K,0,,0,,,,F2,1,50,,,,,0,,,0,,,36.43,-78.72,,
Tornado,C,59,FAIRFAX,,31-AUG-52 21:30:00,CST,31-AUG-52 21:30:00,0,0,0,0,25K,0,,0,,,,F1,2,100,,,,,0,,,0,,,38.78,-77.15,,
Tornado,C,95,POLK,,23-JUN-52 21:30:00,CST,23-JUN-52 21:30:00,6,0,2,0,2.5M,0,,0,,,,F3,18.2,100,,,,,0,,,0,,,45.42,-92.63,45.58,-92.33
Tornado,C,91,JOHNSON,,22-MAY-52 17:45:00,CST,22-MAY-52 17:45:00,1,0,0,0,250K,0,,0,,,,F4,10.9,440,,,,,0,,,0,,,39.03,-94.92,39.07,-94.72
Tornado,C,191,SUMNER,,19-JUN-52 19:10:00,CST,19-JUN-52 19:10:00,0,0,0,0,25K,0,,0,,,,F2,3.3,60,,,,,0,,,0,,,37.18,-97.42,37.22,-97.37
Tornado,C,103,LEAVENWORTH,,21-JUN-52 19:00:00,CST,21-JUN-52 19:00:00,0,0,0,0,25K,0,,0,,,,F2,24.9,33,,,,,0,,,0,,,39.13,-95.15,39.13,-94.68
Tornado,C,147,PHILLIPS,,26-JUN-52 17:15:00,CST,26-JUN-52 17:15:00,0,0,0,0,25K,0,,0,,,,F2,12,33,,,,,0,,,0,,,39.68,-99.45,39.77,-99.25
Tornado,C,137,NORTON,,27-JUN-52 14:30:00,CST,27-JUN-52 14:30:00,0,0,0,0,2.5K,0,,0,,,,F2,1.9,100,,,,,0,,,0,,,39.75,-100.12,39.78,-100.08
Tornado,C,39,DECATUR,,06-JUL-52 15:00:00,CST,06-JUL-52 15:00:00,0,0,0,0,0K,0,,0,,,,F1,11.9,33,,,,,0,,,0,,,39.83,-100.20,40.00,-100.13
Tornado,C,23,CHEYENNE,,06-JUL-52 16:30:00,CST,06-JUL-52 16:30:00,0,0,0,0,0K,0,,0,,,,,0,33,,,,,0,,,0,,,39.73,-101.98,,
Tornado,C,181,SHERMAN,,06-JUL-52 17:00:00,CST,06-JUL-52 17:00:00,0,0,0,0,2.5K,0,,0,,,,F2,0,33,,,,,0,,,0,,,39.27,-101.85,,
Tornado,C,167,RUSSELL,,07-AUG-52 18:00:00,CST,07-AUG-52 18:00:00,0,0,0,0,0K,0,,0,,,,F3,4.7,33,,,,,0,,,0,,,39.00,-98.52,39.05,-98.45
Tornado,C,47,EDWARDS,,07-AUG-52 22:00:00,CST,07-AUG-52 22:00:00,0,0,0,0,0K,0,,0,,,,F1,0,33,,,,,0,,,0,,,37.93,-99.42,,
Tornado,C,41,DICKINSON,,14-AUG-52 21:30:00,CST,14-AUG-52 21:30:00,0,0,0,0,25K,0,,0,,,,F2,1.5,100,,,,,0,,,0,,,38.68,-97.02,,
Tornado,C,131,NEMAHA,,17-NOV-52 00:01:00,CST,17-NOV-52 00:01:00,0,0,0,0,0K,0,,0,,,,F1,0,33,,,,,0,,,0,,,39.67,-95.87,,
Tornado,C,205,MITCHELL,,22-JAN-52 07:00:00,CST,22-JAN-52 07:00:00,0,0,0,0,250K,0,,0,,,,F2,1.9,350,,,,,0,,,0,,,31.27,-84.02,31.28,-84.00
Tornado,C,71,COLQUITT,,22-JAN-52 07:05:00,CST,22-JAN-52 07:05:00,8,0,0,0,250K,0,,0,,,,F2,6.8,350,,,,,0,,,0,,,31.28,-84.00,31.33,-83.90
Tornado,C,207,MONROE,,28-JAN-52 03:40:00,CST,28-JAN-52 03:40:00,0,0,0,0,25K,0,,0,,,,F1,3.8,400,,,,,0,,,0,,,33.03,-83.97,33.03,-83.90
Tornado,C,117,MARSHALL,,29-FEB-52 16:00:00,CST,29-FEB-52 16:00:00,166,0,3,0,25K,0,,0,,,,F1,.1,100,,,,,0,,,0,,,35.42,-86.70,,
Tornado,C,103,LINCOLN,,29-FEB-52 16:30:00,CST,29-FEB-52 16:30:00,150,0,2,0,2.5M,0,,0,,,,F4,2,300,,,,,0,,,0,,,35.15,-86.58,,
Tornado,C,177,WARREN,,29-FEB-52 16:40:00,CST,29-FEB-52 16:40:00,0,0,0,0,25K,0,,0,,,,F2,1,400,,,,,0,,,0,,,35.53,-85.85,,
Tornado,C,107,MCMINN,,29-FEB-52 17:30:00,CST,29-FEB-52 17:30:00,0,0,0,0,250K,0,,0,,,,F2,15.3,587,,,,,0,,,0,,,35.30,-84.67,35.45,-84.47
Tornado,C,45,DYER,,21-MAR-52 18:00:00,CST,21-MAR-52 18:00:00,10,0,2,0,250K,0,,0,,,,F4,4.7,200,,,,,0,,,0,,,36.02,-89.20,36.08,-89.18
Tornado,C,45,DYER,,21-MAR-52 20:30:00,CST,21-MAR-52 20:30:00,30,0,10,0,250K,0,,0,,,,F3,18.1,1000,,,,,0,,,0,,,35.95,-89.43,36.13,-89.20
Tornado,C,45,DYER,,21-MAR-52 20:30:00,CST,21-MAR-52 20:30:00,5,0,4,0,250K,0,,0,,,,F4,2,200,,,,,0,,,0,,,36.10,-89.27,,
Tornado,C,5,BENTON,,13-FEB-52 17:00:00,CST,13-FEB-52 17:00:00,0,0,0,0,25K,0,,0,,,,F2,.3,300,,,,,0,,,0,,,36.00,-88.12,,
Tornado,C,37,DAVIDSON,,13-FEB-52 19:45:00,CST,13-FEB-52 19:45:00,0,0,0,0,25K,0,,0,,,,F1,.3,200,,,,,0,,,0,,,36.05,-87.03,,
Tornado,C,103,LINCOLN,,13-FEB-52 21:00:00,CST,13-FEB-52 21:00:00,0,0,0,0,0K,0,,0,,,,F1,.2,400,,,,,0,,,0,,,35.23,-86.82,,
Tornado,C,103,LINCOLN,,13-FEB-52 22:00:00,CST,13-FEB-52 22:00:00,2,0,0,0,250K,0,,0,,,,F3,7.4,350,,,,,0,,,0,,,35.22,-86.60,35.22,-86.47
Tornado,C,127,MOORE,,13-FEB-52 22:30:00,CST,13-FEB-52 22:30:00,9,0,0,0,250K,0,,0,,,,F4,1.3,100,,,,,0,,,0,,,35.20,-86.30,35.20,-86.28
Tornado,C,51,FRANKLIN,,13-FEB-52 22:40:00,CST,13-FEB-52 22:40:00,35,0,3,0,250K,0,,0,,,,F4,11.4,100,,,,,0,,,0,,,35.20,-86.28,35.22,-86.08
Tornado,C,61,GRUNDY,,13-FEB-52 23:00:00,CST,13-FEB-52 23:00:00,2,0,0,0,250K,0,,0,,,,F3,5.1,400,,,,,0,,,0,,,35.25,-85.83,35.27,-85.75
Tornado,C,95,DOUGHERTY,,28-JAN-52 06:00:00,CST,28-JAN-52 06:00:00,1,0,0,0,25K,0,,0,,,,F1,2,100,,,,,0,,,0,,,31.58,-84.17,,
Tornado,C,321,WORTH,,28-JAN-52 06:30:00,CST,28-JAN-52 06:30:00,0,0,0,0,25K,0,,0,,,,F2,1,100,,,,,0,,,0,,,31.52,-83.78,,
Tornado,C,277,TIFT,,28-JAN-52 07:10:00,CST,28-JAN-52 07:10:00,2,0,0,0,250K,0,,0,,,,F1,.1,400,,,,,0,,,0,,,31.47,-83.50,,
Tornado,C,107,EMANUEL,,28-JAN-52 07:30:00,CST,28-JAN-52 07:30:00,1,0,0,0,2.5K,0,,0,,,,F1,.1,33,,,,,0,,,0,,,32.58,-82.33,,
Tornado,C,119,FRANKLIN,,29-FEB-52 19:00:00,CST,29-FEB-52 19:00:00,0,0,0,0,25K,0,,0,,,,F2,7.8,77,,,,,0,,,0,,,34.40,-83.33,34.42,-83.20
Tornado,C,11,BANKS,,29-FEB-52 19:30:00,CST,29-FEB-52 19:30:00,3,0,0,0,250K,0,,0,,,,F2,9.4,300,,,,,0,,,0,,,34.37,-83.58,34.37,-83.42
Tornado,C,157,JACKSON,,29-FEB-52 20:15:00,CST,29-FEB-52 20:15:00,5,0,0,0,25K,0,,0,,,,F2,.2,17,,,,,0,,,0,,,34.12,-83.67,,
Tornado,C,21,BIBB,,03-MAR-52 20:11:00,CST,03-MAR-52 20:11:00,4,0,0,0,250K,0,,0,,,,F3,4.3,400,,,,,0,,,0,,,32.80,-83.68,32.78,-83.62
Tornado,C,177,LEE,,13-MAR-52 14:20:00,CST,13-MAR-52 14:20:00,0,0,0,0,25K,0,,0,,,,F1,1,150,,,,,0,,,0,,,31.65,-84.17,,
Tornado,C,19,BERRIEN,,11-MAY-52 06:20:00,CST,11-MAY-52 06:20:00,10,0,0,0,2.5M,0,,0,,,,F3,4.3,200,,,,,0,,,0,,,31.37,-83.25,31.40,-83.20
Tornado,C,17,CADDO,,13-FEB-52 04:00:00,CST,13-FEB-52 04:00:00,0,0,0,0,25K,0,,0,,,,F0,1,133,,,,,0,,,0,,,32.98,-94.00,,
Tornado,C,17,CADDO,,19-FEB-52 09:00:00,CST,19-FEB-52 09:00:00,5,0,0,0,25K,0,,0,,,,F2,.5,200,,,,,0,,,0,,,32.35,-94.00,,
Tornado,C,31,DE SOTO,,10-MAR-52 08:30:00,CST,10-MAR-52 08:30:00,0,0,0,0,250K,0,,0,,,,F3,50.9,650,,,,,0,,,0,,,32.23,-93.65,32.78,-93.07
Tornado,C,27,CLAIBORNE,,03-APR-52 23:00:00,CST,03-APR-52 23:00:00,0,0,0,0,25K,0,,0,,,,F1,2,67,,,,,0,,,0,,,32.95,-92.83,,
Tornado,C,53,JEFFERSON DAVIS,,04-APR-52 02:00:00,CST,04-APR-52 02:00:00,10,0,0,0,250K,0,,0,,,,F3,16.5,100,,,,,0,,,0,,,30.17,-92.87,30.27,-92.62
Tornado,C,1,ACADIA,,04-APR-52 02:30:00,CST,04-APR-52 02:30:00,0,0,0,0,250K,0,,0,,,,F3,20.2,100,,,,,0,,,0,,,30.27,-92.62,30.37,-92.30
Tornado,C,97,ST. LANDRY,,04-APR-52 03:30:00,CST,04-APR-52 03:30:00,33,0,4,0,250K,0,,0,,,,F2,13.2,67,,,,,0,,,0,,,30.37,-92.13,30.40,-91.92
Tornado,C,101,ST. MARY,,04-APR-52 03:30:00,CST,04-APR-52 03:30:00,3,0,0,0,2.5M,0,,0,,,,F2,6.4,20,,,,,0,,,0,,,29.87,-91.62,29.93,-91.55
Tornado,C,99,ST. MARTIN,,04-APR-52 03:50:00,CST,04-APR-52 03:50:00,0,0,0,0,250K,0,,0,,,,F2,7.2,67,,,,,0,,,0,,,30.40,-91.92,30.40,-91.80
Tornado,C,105,TANGIPAHOA,,23-APR-52 09:15:00,CST,23-APR-52 09:15:00,0,0,0,0,2.5K,0,,0,,,,F0,.5,20,,,,,0,,,0,,,30.88,-90.50,,
Tornado,C,109,TERREBONNE,,19-MAY-52 09:00:00,CST,19-MAY-52 09:00:00,0,0,0,0,25K,0,,0,,,,F0,1,33,,,,,0,,,0,,,29.60,-90.67,,
Tornado,C,5,BAY,,04-APR-52 09:20:00,CST,04-APR-52 09:20:00,1,0,0,0,2.5K,0,,0,,,,F1,0,20,,,,,0,,,0,,,30.17,-85.70,,
Tornado,C,53,HERNANDO,,23-MAY-52 13:30:00,CST,23-MAY-52 13:30:00,1,0,0,0,2.5K,0,,0,,,,F0,0,33,,,,,0,,,0,,,28.55,-82.38,,
Tornado,C,103,PINELLAS,,30-MAY-52 11:00:00,CST,30-MAY-52 11:00:00,0,0,0,0,2.5K,0,,0,,,,F2,.1,33,,,,,0,,,0,,,27.93,-82.82,,
Tornado,C,103,PINELLAS,,13-JUN-52 12:00:00,CST,13-JUN-52 12:00:00,0,0,0,0,2.5K,0,,0,,,,F1,2.5,33,,,,,0,,,0,,,27.77,-82.62,,
Tornado,C,99,PALM BEACH,,16-AUG-52 14:45:00,CST,16-AUG-52 14:45:00,0,0,0,0,2.5K,0,,0,,,,F1,.2,17,,,,,0,,,0,,,26.77,-80.22,,
Tornado,C,99,PALM BEACH,,26-FEB-52 10:20:00,CST,26-FEB-52 10:20:00,0,0,0,0,2.5K,0,,0,,,,F1,1.5,17,,,,,0,,,0,,,26.57,-80.12,,
Tornado,C,47,EDWARDS,,08-APR-52 13:30:00,CST,08-APR-52 13:30:00,0,0,0,0,.25K,0,,0,,,,F1,0,33,,,,,0,,,0,,,37.87,-99.47,,
Tornado,C,161,RILEY,,22-APR-52 17:30:00,CST,22-APR-52 17:30:00,0,0,0,0,0K,0,,0,,,,,0,33,,,,,0,,,0,,,39.18,-96.75,,
Tornado,C,119,MEADE,,29-APR-52 13:30:00,CST,29-APR-52 13:30:00,0,0,0,0,0K,0,,0,,,,F0,0,33,,,,,0,,,0,,,37.08,-100.08,,
Tornado,C,185,STAFFORD,,30-APR-52 19:14:00,CST,30-APR-52 19:14:00,0,0,0,0,0K,0,,0,,,,F0,0,33,,,,,0,,,0,,,38.07,-98.67,,
Tornado,C,57,FORD,,30-APR-52 20:50:00,CST,30-APR-52 20:50:00,0,0,0,0,0K,0,,0,,,,F0,0,33,,,,,0,,,0,,,37.75,-99.83,,
Tornado,C,141,OSBORNE,,21-MAY-52 18:00:00,CST,21-MAY-52 18:00:00,0,0,0,0,0K,0,,0,,,,,0,33,,,,,0,,,0,,,39.52,-99.00,,
Tornado,C,157,REPUBLIC,,21-MAY-52 19:30:00,CST,21-MAY-52 19:30:00,0,0,0,0,25K,0,,0,,,,F2,.2,100,,,,,0,,,0,,,39.68,-97.87,,
Tornado,C,165,ROCKINGHAM,,05-APR-52 10:00:00,CST,05-APR-52 10:00:00,0,0,0,0,250K,0,,0,,,,F2,4.9,33,,,,,0,,,0,,,38.37,-78.73,38.42,-78.67
Tornado,C,45,DOUGLAS,,22-MAY-52 17:10:00,CST,22-MAY-52 17:10:00,2,0,0,0,250K,0,,0,,,,F4,2.7,440,,,,,0,,,0,,,38.98,-95.22,39.00,-95.17
Tornado,C,103,LEAVENWORTH,,22-MAY-52 17:25:00,CST,22-MAY-52 17:25:00,0,0,0,0,250K,0,,0,,,,F4,13.3,440,,,,,0,,,0,,,39.03,-95.17,39.03,-94.92
Tornado,C,15,AUGUSTA,,05-APR-52 09:15:00,CST,05-APR-52 09:15:00,2,0,0,0,25K,0,,0,,,,F2,1,150,,,,,0,,,0,,,38.22,-78.83,,
Tornado,C,61,GREENE,,18-MAR-52 18:07:00,CST,18-MAR-52 18:07:00,1,0,0,0,25K,0,,0,,,,F1,3,10,,,,,0,,,0,,,39.18,-90.37,39.22,-90.32
Tornado,C,157,RANDOLPH,,18-MAR-52 18:21:00,CST,18-MAR-52 18:21:00,0,0,0,0,250K,0,,0,,,,F2,4.9,100,,,,,0,,,0,,,38.10,-89.93,38.15,-89.87
Tornado,C,163,ST. CLAIR,,24-MAY-52 17:50:00,CST,24-MAY-52 17:50:00,0,0,0,0,25K,0,,0,,,,F1,0,33,,,,,0,,,0,,,39.50,-90.02,,
Tornado,C,131,MERCER,,17-JUL-52 17:00:00,CST,17-JUL-52 17:00:00,0,0,0,0,2.5K,0,,0,,,,F1,0,33,,,,,0,,,0,,,41.10,-90.78,,
Tornado,C,47,FAYETTE,,21-MAR-52 22:00:00,CST,21-MAR-52 22:00:00,50,0,7,0,250K,0,,0,,,,F4,18.7,427,,,,,0,,,0,,,35.00,-89.58,35.12,-89.28
Tornado,C,53,GIBSON,,21-MAR-52 22:45:00,CST,21-MAR-52 22:45:00,2,0,2,0,25K,0,,0,,,,F2,.1,150,,,,,0,,,0,,,35.80,-88.78,,
Tornado,C,17,CARROLL,,21-MAR-52 22:50:00,CST,21-MAR-52 22:50:00,3,0,0,0,250K,0,,0,,,,F3,.1,100,,,,,0,,,0,,,35.85,-88.67,,
Tornado,C,17,CARROLL,,21-MAR-52 23:00:00,CST,21-MAR-52 23:00:00,8,0,1,0,250K,0,,0,,,,F2,.1,150,,,,,0,,,0,,,35.93,-88.50,,
Tornado,C,17,CARROLL,,21-MAR-52 23:17:00,CST,21-MAR-52 23:17:00,19,0,0,0,250K,0,,0,,,,F3,5.1,177,,,,,0,,,0,,,36.02,-88.27,36.07,-88.20
Tornado,C,69,HARDEMAN,,21-MAR-52 23:30:00,CST,21-MAR-52 23:30:00,14,0,4,0,2.5M,0,,0,,,,F4,11.1,177,,,,,0,,,0,,,35.27,-88.98,35.35,-88.82
Tornado,C,85,HUMPHREYS,,21-MAR-52 23:55:00,CST,21-MAR-52 23:55:00,0,0,0,0,25K,0,,0,,,,F2,.3,500,,,,,0,,,0,,,35.85,-87.68,,
Tornado,C,23,CHESTER,,22-MAR-52 00:01:00,CST,22-MAR-52 00:01:00,100,0,23,0,2.5M,0,,0,,,,F4,19.8,177,,,,,0,,,0,,,35.35,-88.82,35.50,-88.52
Tornado,C,81,HICKMAN,,22-MAR-52 00:20:00,CST,22-MAR-52 00:20:00,10,0,3,0,25K,0,,0,,,,F2,.5,40,,,,,0,,,0,,,35.87,-87.58,,
Tornado,C,77,HENDERSON,,22-MAR-52 01:00:00,CST,22-MAR-52 01:00:00,43,0,11,0,2.5M,0,,0,,,,F4,15.9,177,,,,,0,,,0,,,35.50,-88.52,35.63,-88.28
Tornado,C,159,SMITH,,22-MAR-52 11:15:00,CST,22-MAR-52 11:15:00,1,0,0,0,25K,0,,0,,,,F1,.3,7,,,,,0,,,0,,,36.25,-85.93,,
Tornado,C,37,DAVIDSON,,30-JUN-52 18:05:00,CST,30-JUN-52 18:05:00,0,0,0,0,2.5K,0,,0,,,,F1,.3,7,,,,,0,,,0,,,36.03,-86.77,,
